Project,Plot,Line,Point,HAFHeightWoody,HAFSpeciesWoody,HAFHeightHerbaceous,HAFSpeciesHerbaceous,AIMHeightWoody,AIMSpeciesWoody,AIMHeightHerbaceous,AIMSpeciesHerbaceous
Bruneau,BasinCM001,1,1.0,,,,,,,,
Bruneau,BasinCM001,1,2.0,,,,,,,,
Bruneau,BasinCM001,1,3.0,,,31,PSSP6,,,,
Bruneau,BasinCM001,1,4.0,33,CHVI8,25,ELEL5,,,,
Bruneau,BasinCM001,1,5.0,,,,,,,,
Bruneau,BasinCM001,1,6.0,,,,,,,,
Bruneau,BasinCM001,1,7.0,,,31,ELEL5,,,,
Bruneau,BasinCM001,1,8.0,,,,,,,,
Bruneau,BasinCM001,1,9.0,,,,,,,,
Bruneau,BasinCM001,1,10.0,,,,,,,,
Bruneau,BasinCM001,1,11.0,,,,,,,,
Bruneau,BasinCM001,1,12.0,,,,,,,,
Bruneau,BasinCM001,1,13.0,,,,,,,,
Bruneau,BasinCM001,1,14.0,,,,,,,,
Bruneau,BasinCM001,1,15.0,75,ARTRV,,,,,,
Bruneau,BasinCM001,1,16.0,,,,,,,,
Bruneau,BasinCM001,1,17.0,34,CHVI8,49,FEID,,,,
Bruneau,BasinCM001,1,18.0,66,CHVI8,,,,,,
Bruneau,BasinCM001,1,19.0,,,,,,,,
Bruneau,BasinCM001,1,20.0,,,25,POSE,,,,
Bruneau,BasinCM001,1,21.0,,,4,FEID,,,,
Bruneau,BasinCM001,1,22.0,35,CHVI8,32,ELEL5,,,,
Bruneau,BasinCM001,1,23.0,,,,,,,,
Bruneau,BasinCM001,1,24.0,,,,,,,,
Bruneau,BasinCM001,1,25.0,65,ARTRV,,,,,,
Bruneau,BasinCM001,2,1.0,23,CHVI8,26,ELEL5,,,,
Bruneau,BasinCM001,2,2.0,3,CHVI8,9,POSE,,,,
Bruneau,BasinCM001,2,3.0,,,,,,,,
Bruneau,BasinCM001,2,4.0,33,CHVI8,44,POSE,,,,
Bruneau,BasinCM001,2,5.0,,,,,,,,
Bruneau,BasinCM001,2,6.0,26,ARTRV,4,FEID,,,,
Bruneau,BasinCM001,2,7.0,,,,,,,,
Bruneau,BasinCM001,2,8.0,,,5,POSE,,,,
Bruneau,BasinCM001,2,9.0,,,36,POSE,,,,
Bruneau,BasinCM001,2,10.0,42,ARTRV,35,POSE,,,,
Bruneau,BasinCM001,2,11.0,,,,,,,,
Bruneau,BasinCM001,2,12.0,11,CHVI8,23,POSE,,,,
Bruneau,BasinCM001,2,13.0,,,29,POSE,,,,
Bruneau,BasinCM001,2,14.0,,,18,POSE,,,,
Bruneau,BasinCM001,2,15.0,,,13,ERAP,,,,
Bruneau,BasinCM001,2,16.0,,,,,,,,
Bruneau,BasinCM001,2,17.0,,,,,,,,
Bruneau,BasinCM001,2,18.0,,,22,POSE,,,,
Bruneau,BasinCM001,2,19.0,4,CHVI8,,,,,,
Bruneau,BasinCM001,2,20.0,,,47,FEID,,,,
Bruneau,BasinCM001,2,21.0,,,23,POSE,,,,
Bruneau,BasinCM001,2,22.0,,,,,,,,
Bruneau,BasinCM001,2,23.0,,,,,,,,
Bruneau,BasinCM001,2,24.0,,,34,POSE,,,,
Bruneau,BasinCM001,2,25.0,,,,,,,,
Bruneau,BasinCM001,3,1.0,,,4,POSE,,,,
Bruneau,BasinCM001,3,2.0,,,2,POSE,,,,
Bruneau,BasinCM001,3,3.0,22,CHVI8,,,,,,
Bruneau,BasinCM001,3,4.0,,,,,,,,
Bruneau,BasinCM001,3,5.0,,,,,,,,
Bruneau,BasinCM001,3,6.0,,,,,,,,
Bruneau,BasinCM001,3,7.0,,,16,POSE,,,,
Bruneau,BasinCM001,3,8.0,,,36,POSE,,,,
Bruneau,BasinCM001,3,9.0,,,,,,,,
Bruneau,BasinCM001,3,10.0,,,,,,,,
Bruneau,BasinCM001,3,11.0,,,,,,,,
Bruneau,BasinCM001,3,12.0,,,17,POSE,,,,
Bruneau,BasinCM001,3,13.0,25,CHVI8,18,POSE,,,,
Bruneau,BasinCM001,3,14.0,,,,,,,,
Bruneau,BasinCM001,3,15.0,,,,,,,,
Bruneau,BasinCM001,3,16.0,,,,,,,,
Bruneau,BasinCM001,3,17.0,,,1,POSE,,,,
Bruneau,BasinCM001,3,18.0,,,28,POSE,,,,
Bruneau,BasinCM001,3,19.0,,,,,,,,
Bruneau,BasinCM001,3,20.0,,,13,POSE,,,,
Bruneau,BasinCM001,3,21.0,,,,,,,,
Bruneau,BasinCM001,3,22.0,,,2,ANDI2,,,,
Bruneau,BasinCM001,3,23.0,,,,,,,,
Bruneau,BasinCM001,3,24.0,,,,,,,,
Bruneau,BasinCM001,3,25.0,,,,,,,,
Bruneau,BasinCM002,1,1.0,,,,,,,,
Bruneau,BasinCM002,1,2.0,,,,,,,,
Bruneau,BasinCM002,1,3.0,,,,,,,,
Bruneau,BasinCM002,1,4.0,,,,,,,,
Bruneau,BasinCM002,1,5.0,38,ARARL2,49,PSSP6,,,,
Bruneau,BasinCM002,1,6.0,,,,,,,,
Bruneau,BasinCM002,1,7.0,,,12,ELEL5,,,,
Bruneau,BasinCM002,1,8.0,,,,,,,,
Bruneau,BasinCM002,1,9.0,,,32,PSSSP6,,,,
Bruneau,BasinCM002,1,10.0,,,25,ELEL5,,,,
Bruneau,BasinCM002,1,11.0,,,39,POSE,,,,
Bruneau,BasinCM002,1,12.0,,,,,,,,
Bruneau,BasinCM002,1,13.0,,,24,ELEL5,,,,
Bruneau,BasinCM002,1,14.0,,,58,POSE,,,,
Bruneau,BasinCM002,1,15.0,,,,,,,,
Bruneau,BasinCM002,1,16.0,13,ARARL2,16,ELEL5,,,,
Bruneau,BasinCM002,1,17.0,19,ARARL2,3,ELEL5,,,,
Bruneau,BasinCM002,1,18.0,,,,,,,,
Bruneau,BasinCM002,1,19.0,,,,,,,,
Bruneau,BasinCM002,1,20.0,,,,,,,,
Bruneau,BasinCM002,1,21.0,,,43,POSE,,,,
Bruneau,BasinCM002,1,22.0,,,,,,,,
Bruneau,BasinCM002,1,23.0,,,,,,,,
Bruneau,BasinCM002,1,24.0,22,ARARL2,,,,,,
Bruneau,BasinCM002,1,25.0,21,ARARL2,,,,,,
Bruneau,BasinCM002,2,1.0,,,43,POSE,,,,
Bruneau,BasinCM002,2,2.0,,,,,,,,
Bruneau,BasinCM002,2,3.0,,,39,ELEL5,,,,
Bruneau,BasinCM002,2,4.0,,,,,,,,
Bruneau,BasinCM002,2,5.0,,,42,ELEL5,,,,
Bruneau,BasinCM002,2,6.0,,,41,POSE,,,,
Bruneau,BasinCM002,2,7.0,,,,,,,,
Bruneau,BasinCM002,2,8.0,,,38,POSE,,,,
Bruneau,BasinCM002,2,9.0,,,,,,,,
Bruneau,BasinCM002,2,10.0,,,,,,,,
Bruneau,BasinCM002,2,11.0,,,38,POSE,,,,
Bruneau,BasinCM002,2,12.0,,,,,,,,
Bruneau,BasinCM002,2,13.0,,,17,ELEL5,,,,
Bruneau,BasinCM002,2,14.0,,,58,PSSP6,,,,
Bruneau,BasinCM002,2,15.0,,,6,POSE,,,,
Bruneau,BasinCM002,2,16.0,,,,,,,,
Bruneau,BasinCM002,2,17.0,,,,,,,,
Bruneau,BasinCM002,2,18.0,,,28,ELEL5,,,,
Bruneau,BasinCM002,2,19.0,,,23,POSE,,,,
Bruneau,BasinCM002,2,20.0,,,22,ELEL5,,,,
Bruneau,BasinCM002,2,21.0,,,,,,,,
Bruneau,BasinCM002,2,22.0,,,32,POSE,,,,
Bruneau,BasinCM002,2,23.0,,,41,POSE,,,,
Bruneau,BasinCM002,2,24.0,,,,,,,,
Bruneau,BasinCM002,2,25.0,,,,,,,,
Bruneau,BasinCM002,3,1.0,,,19,ELEL5,,,,
Bruneau,BasinCM002,3,2.0,,,,,,,,
Bruneau,BasinCM002,3,3.0,,,93,POSE,,,,
Bruneau,BasinCM002,3,4.0,,,71,PSSP6,,,,
Bruneau,BasinCM002,3,5.0,,,59,PSSP6,,,,
Bruneau,BasinCM002,3,6.0,,,48,POSE,,,,
Bruneau,BasinCM002,3,7.0,,,,,,,,
Bruneau,BasinCM002,3,8.0,,,74,PSSP6,,,,
Bruneau,BasinCM002,3,9.0,,,,,,,,
Bruneau,BasinCM002,3,10.0,,,7,PSSP6,,,,
Bruneau,BasinCM002,3,11.0,,,,,,,,
Bruneau,BasinCM002,3,12.0,,,,,,,,
Bruneau,BasinCM002,3,13.0,,,,,,,,
Bruneau,BasinCM002,3,14.0,,,48,POSE,,,,
Bruneau,BasinCM002,3,15.0,,,,,,,,
Bruneau,BasinCM002,3,16.0,,,45,POSE,,,,
Bruneau,BasinCM002,3,17.0,,,,,,,,
Bruneau,BasinCM002,3,18.0,,,,,,,,
Bruneau,BasinCM002,3,19.0,,,,,,,,
Bruneau,BasinCM002,3,20.0,,,42,POSE,,,,
Bruneau,BasinCM002,3,21.0,,,39,POSE,,,,
Bruneau,BasinCM002,3,22.0,,,22,POSE,,,,
Bruneau,BasinCM002,3,23.0,,,,,,,,
Bruneau,BasinCM002,3,24.0,,,,,,,,
Bruneau,BasinCM002,3,25.0,,,47,POSE,,,,
Bruneau,BasinCM003,1,1.0,,,7,FEID,,,,
Bruneau,BasinCM003,1,2.0,65,ARTRW8,64,FEID,,,,
Bruneau,BasinCM003,1,3.0,,,41,FEID,,,,
Bruneau,BasinCM003,1,4.0,39,ARTRW8,,,,,,
Bruneau,BasinCM003,1,5.0,,,,,,,,
Bruneau,BasinCM003,1,6.0,,,52,POSE,,,,
Bruneau,BasinCM003,1,7.0,,,,,,,,
Bruneau,BasinCM003,1,8.0,,,,,,,,
Bruneau,BasinCM003,1,9.0,,,,,,,,
Bruneau,BasinCM003,1,10.0,,,,,,,,
Bruneau,BasinCM003,1,11.0,,,18,POSE,,,,
Bruneau,BasinCM003,1,12.0,,,53,FEID,,,,
Bruneau,BasinCM003,1,13.0,,,,,,,,
Bruneau,BasinCM003,1,14.0,,,45,FEID,,,,
Bruneau,BasinCM003,1,15.0,,,54,FEID,,,,
Bruneau,BasinCM003,1,16.0,,,44,FEID,,,,
Bruneau,BasinCM003,1,17.0,77,ARTRW8,34,FEID,,,,
Bruneau,BasinCM003,1,18.0,,,,,,,,
Bruneau,BasinCM003,1,19.0,,,52,FEID,,,,
Bruneau,BasinCM003,1,20.0,,,,,,,,
Bruneau,BasinCM003,1,21.0,,,,,,,,
Bruneau,BasinCM003,1,22.0,,,68,FEID,,,,
Bruneau,BasinCM003,1,23.0,,,,,,,,
Bruneau,BasinCM003,1,24.0,,,,,,,,
Bruneau,BasinCM003,1,25.0,,,,,,,,
Bruneau,BasinCM003,2,1.0,95,ARTRW8,48,POSE,,,,
Bruneau,BasinCM003,2,2.0,,,71,FEID,,,,
Bruneau,BasinCM003,2,3.0,,,51,FEID,,,,
Bruneau,BasinCM003,2,4.0,74,ARTRW8,63,FEID,,,,
Bruneau,BasinCM003,2,5.0,,,87,FEID,,,,
Bruneau,BasinCM003,2,6.0,,,,,,,,
Bruneau,BasinCM003,2,7.0,,,,,,,,
Bruneau,BasinCM003,2,8.0,,,,,,,,
Bruneau,BasinCM003,2,9.0,,,,,,,,
Bruneau,BasinCM003,2,10.0,,,,,,,,
Bruneau,BasinCM003,2,11.0,,,8,FEID,,,,
Bruneau,BasinCM003,2,12.0,,,42,FEID,,,,
Bruneau,BasinCM003,2,13.0,,,,,,,,
Bruneau,BasinCM003,2,14.0,,,,,,,,
Bruneau,BasinCM003,2,15.0,23,CHVI8,64,FEID,,,,
Bruneau,BasinCM003,2,16.0,,,,,,,,
Bruneau,BasinCM003,2,17.0,,,64,FEID,,,,
Bruneau,BasinCM003,2,18.0,,,,,,,,
Bruneau,BasinCM003,2,19.0,24,ARTRW8,,,,,,
Bruneau,BasinCM003,2,20.0,,,48,FEID,,,,
Bruneau,BasinCM003,2,21.0,,,,,,,,
Bruneau,BasinCM003,2,22.0,,,54,FEID,,,,
Bruneau,BasinCM003,2,23.0,,,,,,,,
Bruneau,BasinCM003,2,24.0,,,,,,,,
Bruneau,BasinCM003,2,25.0,,,,,,,,
Bruneau,BasinCM003,3,1.0,,,,,,,,
Bruneau,BasinCM003,3,2.0,,,21,POSE,,,,
Bruneau,BasinCM003,3,3.0,95,ARTRW8,,,,,,
Bruneau,BasinCM003,3,4.0,,,,,,,,
Bruneau,BasinCM003,3,5.0,,,,,,,,
Bruneau,BasinCM003,3,6.0,,,52,FEID,,,,
Bruneau,BasinCM003,3,7.0,,,,,,,,
Bruneau,BasinCM003,3,8.0,,,,,,,,
Bruneau,BasinCM003,3,9.0,5,ARTRW8,32,FEID,,,,
Bruneau,BasinCM003,3,10.0,,,,,,,,
Bruneau,BasinCM003,3,11.0,93,ARTRW8,43,FEID,,,,
Bruneau,BasinCM003,3,12.0,28,CHVI8,,,,,,
Bruneau,BasinCM003,3,13.0,36,CHVI8,47,POSE,,,,
Bruneau,BasinCM003,3,14.0,,,,,,,,
Bruneau,BasinCM003,3,15.0,64,ERNA1,23,FEID,,,,
Bruneau,BasinCM003,3,16.0,54,ARTRW8,12,POSE,,,,
Bruneau,BasinCM003,3,17.0,34,CHVI8,47,FEID,,,,
Bruneau,BasinCM003,3,18.0,,,,,,,,
Bruneau,BasinCM003,3,19.0,,,,,,,,
Bruneau,BasinCM003,3,20.0,,,,,,,,
Bruneau,BasinCM003,3,21.0,,,34,FEID,,,,
Bruneau,BasinCM003,3,22.0,,,32,FEID,,,,
Bruneau,BasinCM003,3,23.0,,,49,FEID,,,,
Bruneau,BasinCM003,3,24.0,44,CHVI8,52,ELEL5,,,,
Bruneau,BasinCM003,3,25.0,,,,,,,,
Bruneau,BasinCM004,1,1.0,,,,,,,,
Bruneau,BasinCM004,1,2.0,,,,,,,,
Bruneau,BasinCM004,1,3.0,,,,,,,,
Bruneau,BasinCM004,1,4.0,,,,,,,,
Bruneau,BasinCM004,1,5.0,,,,,,,,
Bruneau,BasinCM004,1,6.0,,,13,POSE,,,,
Bruneau,BasinCM004,1,7.0,,,,,,,,
Bruneau,BasinCM004,1,8.0,,,,,,,,
Bruneau,BasinCM004,1,9.0,59,ARTRW8,,,,,,
Bruneau,BasinCM004,1,10.0,,,44,ELEL5,,,,
Bruneau,BasinCM004,1,11.0,,,,,,,,
Bruneau,BasinCM004,1,12.0,,,,,,,,
Bruneau,BasinCM004,1,13.0,,,,,,,,
Bruneau,BasinCM004,1,14.0,,,,,,,,
Bruneau,BasinCM004,1,15.0,,,3,ELEL5,,,,
Bruneau,BasinCM004,1,16.0,,,,,,,,
Bruneau,BasinCM004,1,17.0,,,,,,,,
Bruneau,BasinCM004,1,18.0,,,,,,,,
Bruneau,BasinCM004,1,19.0,,,16,ERPU2,,,,
Bruneau,BasinCM004,1,20.0,,,,,,,,
Bruneau,BasinCM004,1,21.0,,,,,,,,
Bruneau,BasinCM004,1,22.0,,,,,,,,
Bruneau,BasinCM004,1,23.0,,,,,,,,
Bruneau,BasinCM004,1,24.0,,,,,,,,
Bruneau,BasinCM004,1,25.0,,,12,ERPU2,,,,
Bruneau,BasinCM004,2,1.0,,,,,,,,
Bruneau,BasinCM004,2,2.0,,,,,,,,
Bruneau,BasinCM004,2,3.0,,,,,,,,
Bruneau,BasinCM004,2,4.0,,,,,,,,
Bruneau,BasinCM004,2,5.0,112,ARTRT,,,,,,
Bruneau,BasinCM004,2,6.0,,,,,,,,
Bruneau,BasinCM004,2,7.0,,,,,,,,
Bruneau,BasinCM004,2,8.0,9,ARTRW8,,,,,,
Bruneau,BasinCM004,2,9.0,,,,,,,,
Bruneau,BasinCM004,2,10.0,,,,,,,,
Bruneau,BasinCM004,2,11.0,,,,,,,,
Bruneau,BasinCM004,2,12.0,,,,,,,,
Bruneau,BasinCM004,2,13.0,,,,,,,,
Bruneau,BasinCM004,2,14.0,,,,,,,,
Bruneau,BasinCM004,2,15.0,,,,,,,,
Bruneau,BasinCM004,2,16.0,,,,,,,,
Bruneau,BasinCM004,2,17.0,7,ARTRW8,,,,,,
Bruneau,BasinCM004,2,18.0,,,6,POSE,,,,
Bruneau,BasinCM004,2,19.0,,,,,,,,
Bruneau,BasinCM004,2,20.0,,,,,,,,
Bruneau,BasinCM004,2,21.0,,,,,,,,
Bruneau,BasinCM004,2,22.0,,,52,PSSP6,,,,
Bruneau,BasinCM004,2,23.0,,,11,ERPU2,,,,
Bruneau,BasinCM004,2,24.0,,,3,POSE,,,,
Bruneau,BasinCM004,2,25.0,143,ARTRT,,,,,,
Bruneau,BasinCM004,3,1.0,,,,,,,,
Bruneau,BasinCM004,3,2.0,,,,,,,,
Bruneau,BasinCM004,3,3.0,11,ARTRW8,,,,,,
Bruneau,BasinCM004,3,4.0,18,CHVI8,,,,,,
Bruneau,BasinCM004,3,5.0,,,27,PSSSP6,,,,
Bruneau,BasinCM004,3,6.0,,,,,,,,
Bruneau,BasinCM004,3,7.0,,,,,,,,
Bruneau,BasinCM004,3,8.0,,,9,ERPU2,,,,
Bruneau,BasinCM004,3,9.0,,,6,PG7,,,,
Bruneau,BasinCM004,3,10.0,,,,,,,,
Bruneau,BasinCM004,3,11.0,82,ARTRW8,,,,,,
Bruneau,BasinCM004,3,12.0,,,,,,,,
Bruneau,BasinCM004,3,13.0,,,3,PG7,,,,
Bruneau,BasinCM004,3,14.0,,,,,,,,
Bruneau,BasinCM004,3,15.0,,,3,POSE,,,,
Bruneau,BasinCM004,3,16.0,71,ARTRW8,57,PSSP6,,,,
Bruneau,BasinCM004,3,17.0,,,,,,,,
Bruneau,BasinCM004,3,18.0,45,ARTRW8,1,PG7,,,,
Bruneau,BasinCM004,3,19.0,,,9,PG7,,,,
Bruneau,BasinCM004,3,20.0,,,,,,,,
Bruneau,BasinCM004,3,21.0,,,,,,,,
Bruneau,BasinCM004,3,22.0,,,,,,,,
Bruneau,BasinCM004,3,23.0,,,9,ERPU2,,,,
Bruneau,BasinCM004,3,24.0,,,13,ERPU2,,,,
Bruneau,BasinCM004,3,25.0,,,,,,,,
Bruneau,BasinCM005,1,1.0,,,,,,,,
Bruneau,BasinCM005,1,2.0,,,2,POSE,,,,
Bruneau,BasinCM005,1,3.0,,,16,POSE,,,,
Bruneau,BasinCM005,1,4.0,,,63,FEID,,,,
Bruneau,BasinCM005,1,5.0,,,,,,,,
Bruneau,BasinCM005,1,6.0,,,7,POSE,,,,
Bruneau,BasinCM005,1,7.0,,,18,POSE,,,,
Bruneau,BasinCM005,1,8.0,,,28,ACTH7,,,,
Bruneau,BasinCM005,1,9.0,,,29,ACTH7,,,,
Bruneau,BasinCM005,1,10.0,,,3,ACTH7,,,,
Bruneau,BasinCM005,1,11.0,,,44,FEID,,,,
Bruneau,BasinCM005,1,12.0,,,5,POSE,,,,
Bruneau,BasinCM005,1,13.0,,,,,,,,
Bruneau,BasinCM005,1,14.0,,,25,POSE,,,,
Bruneau,BasinCM005,1,15.0,,,,,,,,
Bruneau,BasinCM005,1,16.0,,,,,,,,
Bruneau,BasinCM005,1,17.0,27,CHVI8,57,FEID,,,,
Bruneau,BasinCM005,1,18.0,,,,,,,,
Bruneau,BasinCM005,1,19.0,,,,,,,,
Bruneau,BasinCM005,1,20.0,,,71,FEID,,,,
Bruneau,BasinCM005,1,21.0,27,CHVI8,32,FEID,,,,
Bruneau,BasinCM005,1,22.0,,,,,,,,
Bruneau,BasinCM005,1,23.0,,,,,,,,
Bruneau,BasinCM005,1,24.0,,,44,FEID,,,,
Bruneau,BasinCM005,1,25.0,,,,,,,,
Bruneau,BasinCM005,2,1.0,,,69,FEID,,,,
Bruneau,BasinCM005,2,2.0,,,1,IOAL,,,,
Bruneau,BasinCM005,2,3.0,,,54,FEID,,,,
Bruneau,BasinCM005,2,4.0,,,62,PSSP6,,,,
Bruneau,BasinCM005,2,5.0,,,28,POSE,,,,
Bruneau,BasinCM005,2,6.0,,,,,,,,
Bruneau,BasinCM005,2,7.0,,,74,FEID,,,,
Bruneau,BasinCM005,2,8.0,,,,,,,,
Bruneau,BasinCM005,2,9.0,,,63,FEID,,,,
Bruneau,BasinCM005,2,10.0,,,,,,,,
Bruneau,BasinCM005,2,11.0,,,7,IOAL,,,,
Bruneau,BasinCM005,2,12.0,,,5,POSE,,,,
Bruneau,BasinCM005,2,13.0,,,,,,,,
Bruneau,BasinCM005,2,14.0,,,8,IOAL,,,,
Bruneau,BasinCM005,2,15.0,,,,,,,,
Bruneau,BasinCM005,2,16.0,,,,,,,,
Bruneau,BasinCM005,2,17.0,,,,,,,,
Bruneau,BasinCM005,2,18.0,,,44,FEID,,,,
Bruneau,BasinCM005,2,19.0,,,,,,,,
Bruneau,BasinCM005,2,20.0,,,,,,,,
Bruneau,BasinCM005,2,21.0,,,,,,,,
Bruneau,BasinCM005,2,22.0,,,1,IOAL,,,,
Bruneau,BasinCM005,2,23.0,,,78,FEID,,,,
Bruneau,BasinCM005,2,24.0,,,36,FEID,,,,
Bruneau,BasinCM005,2,25.0,,,55,FEID,,,,
Bruneau,BasinCM005,3,1.0,,,,,,,,
Bruneau,BasinCM005,3,2.0,,,55,FEID,,,,
Bruneau,BasinCM005,3,3.0,,,44,FEID,,,,
Bruneau,BasinCM005,3,4.0,,,,,,,,
Bruneau,BasinCM005,3,5.0,,,,,,,,
Bruneau,BasinCM005,3,6.0,,,27,FEID,,,,
Bruneau,BasinCM005,3,7.0,,,67,FEID,,,,
Bruneau,BasinCM005,3,8.0,,,,,,,,
Bruneau,BasinCM005,3,9.0,85,ARTRW8,48,FEID,,,,
Bruneau,BasinCM005,3,10.0,,,,,,,,
Bruneau,BasinCM005,3,11.0,,,,,,,,
Bruneau,BasinCM005,3,12.0,,,,,,,,
Bruneau,BasinCM005,3,13.0,,,74,PSSP6,,,,
Bruneau,BasinCM005,3,14.0,,,,,,,,
Bruneau,BasinCM005,3,15.0,,,,,,,,
Bruneau,BasinCM005,3,16.0,,,,,,,,
Bruneau,BasinCM005,3,17.0,,,,,,,,
Bruneau,BasinCM005,3,18.0,24,CHVI8,,,,,,
Bruneau,BasinCM005,3,19.0,,,9,IOAL,,,,
Bruneau,BasinCM005,3,20.0,,,1,PG7,,,,
Bruneau,BasinCM005,3,21.0,,,,,,,,
Bruneau,BasinCM005,3,22.0,,,,,,,,
Bruneau,BasinCM005,3,23.0,,,,,,,,
Bruneau,BasinCM005,3,24.0,,,,,,,,
Bruneau,BasinCM005,3,25.0,,,67,FEID,,,,
Bruneau,BigCM015,1,1.0,,,,,,,,
Bruneau,BigCM015,1,2.0,,,,,,,,
Bruneau,BigCM015,1,3.0,,,2,PHHO,,,,
Bruneau,BigCM015,1,4.0,,,4,FEID,,,,
Bruneau,BigCM015,1,5.0,45,ARTRV,,,,,,
Bruneau,BigCM015,1,6.0,,,24,KOMA,,,,
Bruneau,BigCM015,1,7.0,3,ARTRV,42,FEID,,,,
Bruneau,BigCM015,1,8.0,,,7,KOMA,,,,
Bruneau,BigCM015,1,9.0,,,1,KOMA,,,,
Bruneau,BigCM015,1,10.0,,,21,KOMA,,,,
Bruneau,BigCM015,1,11.0,,,,,,,,
Bruneau,BigCM015,1,12.0,,,28,PSSP6,,,,
Bruneau,BigCM015,1,13.0,,,32,FEID,,,,
Bruneau,BigCM015,1,14.0,38,ARTRV,28,FEID,,,,
Bruneau,BigCM015,1,15.0,,,,,,,,
Bruneau,BigCM015,1,16.0,53,ARTRV,,,,,,
Bruneau,BigCM015,1,17.0,,,23,KOMA,,,,
Bruneau,BigCM015,1,18.0,,,,,,,,
Bruneau,BigCM015,1,19.0,,,,,,,,
Bruneau,BigCM015,1,20.0,82,ARTRV,13,LUPINPF,,,,
Bruneau,BigCM015,1,21.0,,,,,,,,
Bruneau,BigCM015,1,22.0,71,ARTRV,22,FEID,,,,
Bruneau,BigCM015,1,23.0,,,44,FEID,,,,
Bruneau,BigCM015,1,24.0,,,41,FEID,,,,
Bruneau,BigCM015,1,25.0,,,33,FEID,,,,
Bruneau,BigCM015,2,1.0,,,21,KOMA,,,,
Bruneau,BigCM015,2,2.0,,,,,,,,
Bruneau,BigCM015,2,3.0,61,ARTRV,,,,,,
Bruneau,BigCM015,2,4.0,,,,,,,,
Bruneau,BigCM015,2,5.0,,,,,,,,
Bruneau,BigCM015,2,6.0,,,,,,,,
Bruneau,BigCM015,2,7.0,53,ARTRV,54,FEID,,,,
Bruneau,BigCM015,2,8.0,,,25,KOMA,,,,
Bruneau,BigCM015,2,9.0,,,,,,,,
Bruneau,BigCM015,2,10.0,,,,,,,,
Bruneau,BigCM015,2,11.0,,,11,CAREX,,,,
Bruneau,BigCM015,2,12.0,,,,,,,,
Bruneau,BigCM015,2,13.0,,,4,FEID,,,,
Bruneau,BigCM015,2,14.0,53,ARTRV,41,FEID,,,,
Bruneau,BigCM015,2,15.0,51,ARTRV,,,,,,
Bruneau,BigCM015,2,16.0,,,27,KOMA,,,,
Bruneau,BigCM015,2,17.0,,,,,,,,
Bruneau,BigCM015,2,18.0,,,,,,,,
Bruneau,BigCM015,2,19.0,69,ARTRV,43,FEID,,,,
Bruneau,BigCM015,2,20.0,,,9,AGGL,,,,
Bruneau,BigCM015,2,21.0,,,,,,,,
Bruneau,BigCM015,2,22.0,,,,,,,,
Bruneau,BigCM015,2,23.0,,,3,KOMA,,,,
Bruneau,BigCM015,2,24.0,6,ARTRV,2,KOMA,,,,
Bruneau,BigCM015,2,25.0,,,,,,,,
Bruneau,BigCM015,3,1.0,,,,,,,,
Bruneau,BigCM015,3,2.0,37,ARTRV,,,,,,
Bruneau,BigCM015,3,3.0,,,,,,,,
Bruneau,BigCM015,3,4.0,,,45,FEID,,,,
Bruneau,BigCM015,3,5.0,,,54,FEID,,,,
Bruneau,BigCM015,3,6.0,,,,,,,,
Bruneau,BigCM015,3,7.0,,,4,POSE,,,,
Bruneau,BigCM015,3,8.0,,,3,ELEL5,,,,
Bruneau,BigCM015,3,9.0,,,4,PHLO2,,,,
Bruneau,BigCM015,3,10.0,,,39,FEID,,,,
Bruneau,BigCM015,3,11.0,,,36,FEID,,,,
Bruneau,BigCM015,3,12.0,,,32,KOMA,,,,
Bruneau,BigCM015,3,13.0,,,,,,,,
Bruneau,BigCM015,3,14.0,,,,,,,,
Bruneau,BigCM015,3,15.0,,,,,,,,
Bruneau,BigCM015,3,16.0,,,8,AGGL,,,,
Bruneau,BigCM015,3,17.0,,,,,,,,
Bruneau,BigCM015,3,18.0,,,43,FEID,,,,
Bruneau,BigCM015,3,19.0,,,,,,,,
Bruneau,BigCM015,3,20.0,,,46,FEID,,,,
Bruneau,BigCM015,3,21.0,56,ARTRV,7,CAREX,,,,
Bruneau,BigCM015,3,22.0,,,17,KOMA,,,,
Bruneau,BigCM015,3,23.0,,,35,FEID,,,,
Bruneau,BigCM015,3,24.0,,,,,,,,
Bruneau,BigCM015,3,25.0,,,,,,,,
Bruneau,BigCM020,1,1.0,8,ARTRV,15,FEID,,,,
Bruneau,BigCM020,1,2.0,,,18,POSE,,,,
Bruneau,BigCM020,1,3.0,3,AMUT,4,FEID,,,,
Bruneau,BigCM020,1,4.0,78,PUTR2,,,,,,
Bruneau,BigCM020,1,5.0,,,,,,,,
Bruneau,BigCM020,1,6.0,,,7,FEID,,,,
Bruneau,BigCM020,1,7.0,92,PUTR2,75,FEID,,,,
Bruneau,BigCM020,1,8.0,62,ARTRV,76,FEID,,,,
Bruneau,BigCM020,1,9.0,,,2,FEID,,,,
Bruneau,BigCM020,1,10.0,,,34,POSE,,,,
Bruneau,BigCM020,1,11.0,7,ARTRV,,,,,,
Bruneau,BigCM020,1,12.0,7,ARTRV,51,FEID,,,,
Bruneau,BigCM020,1,13.0,,,,,,,,
Bruneau,BigCM020,1,14.0,,,33,ELEL5,,,,
Bruneau,BigCM020,1,15.0,,,78,PSSP6,,,,
Bruneau,BigCM020,1,16.0,,,57,PSSP6,,,,
Bruneau,BigCM020,1,17.0,52,CHVI8,,,,,,
Bruneau,BigCM020,1,18.0,,,,,,,,
Bruneau,BigCM020,1,19.0,31,ARTRV,36,FEID,,,,
Bruneau,BigCM020,1,20.0,,,5,PSSP6,,,,
Bruneau,BigCM020,1,21.0,,,46,FEID,,,,
Bruneau,BigCM020,1,22.0,72,ARTRV,,,,,,
Bruneau,BigCM020,1,23.0,65,ARTRV,,,,,,
Bruneau,BigCM020,1,24.0,,,47,POSE,,,,
Bruneau,BigCM020,1,25.0,,,,,,,,
Bruneau,BigCM020,2,1.0,93,PUTR2,65,FEID,,,,
Bruneau,BigCM020,2,2.0,98,PUTR2,62,FEID,,,,
Bruneau,BigCM020,2,3.0,,,74,FEID,,,,
Bruneau,BigCM020,2,4.0,,,57,FEID,,,,
Bruneau,BigCM020,2,5.0,35,ARTRV,64,FEID,,,,
Bruneau,BigCM020,2,6.0,41,PUTR2,56,FEID,,,,
Bruneau,BigCM020,2,7.0,87,ARTRV,,,,,,
Bruneau,BigCM020,2,8.0,,,72,FEID,,,,
Bruneau,BigCM020,2,9.0,13,CHVI8,72,FEID,,,,
Bruneau,BigCM020,2,10.0,82,ARTRV,38,FEID,,,,
Bruneau,BigCM020,2,11.0,58,ARTRV,,,,,,
Bruneau,BigCM020,2,12.0,58,PUTR2,,,,,,
Bruneau,BigCM020,2,13.0,63,PUTR2,,,,,,
Bruneau,BigCM020,2,14.0,,,,,,,,
Bruneau,BigCM020,2,15.0,67,ARTRV,,,,,,
Bruneau,BigCM020,2,16.0,5,ARTRV,17,FEID,,,,
Bruneau,BigCM020,2,17.0,16,ARTRV,,,,,,
Bruneau,BigCM020,2,18.0,65,AMUT,6,FEID,,,,
Bruneau,BigCM020,2,19.0,,,73,FEID,,,,
Bruneau,BigCM020,2,20.0,89,ARTRV,21,FEID,,,,
Bruneau,BigCM020,2,21.0,57,PUTR2,68,FEID,,,,
Bruneau,BigCM020,2,22.0,,,79,FEID,,,,
Bruneau,BigCM020,2,23.0,,,78,FEID,,,,
Bruneau,BigCM020,2,24.0,87,ARTRV,8,PHHO,,,,
Bruneau,BigCM020,2,25.0,,,,,,,,
Bruneau,BigWD055,1,1.0,,,,,,,,
Bruneau,BigWD055,1,2.0,37,ARTRW8,,,,,,
Bruneau,BigWD055,1,3.0,,,,,,,,
Bruneau,BigWD055,1,4.0,,,,,,,,
Bruneau,BigWD055,1,5.0,,,,,,,,
Bruneau,BigWD055,1,6.0,,,,,,,,
Bruneau,BigWD055,1,7.0,,,,,,,,
Bruneau,BigWD055,1,8.0,,,,,,,,
Bruneau,BigWD055,1,9.0,,,,,,,,
Bruneau,BigWD055,1,10.0,,,,,,,,
Bruneau,BigWD055,1,11.0,,,,,,,,
Bruneau,BigWD055,1,12.0,7,ARTRW8,,,,,,
Bruneau,BigWD055,1,13.0,,,,,,,,
Bruneau,BigWD055,1,14.0,,,,,,,,
Bruneau,BigWD055,1,15.0,,,,,,,,
Bruneau,BigWD055,1,16.0,,,,,,,,
Bruneau,BigWD055,1,17.0,,,2,MEOB,,,,
Bruneau,BigWD055,1,18.0,,,,,,,,
Bruneau,BigWD055,1,19.0,,,,,,,,
Bruneau,BigWD055,1,20.0,,,,,,,,
Bruneau,BigWD055,1,21.0,55,ARTRW8,,,,,,
Bruneau,BigWD055,1,22.0,,,,,,,,
Bruneau,BigWD055,1,23.0,,,,,,,,
Bruneau,BigWD055,1,24.0,,,,,,,,
Bruneau,BigWD055,1,25.0,,,,,,,,
Bruneau,BigWD055,2,1.0,,,,,,,,
Bruneau,BigWD055,2,2.0,,,,,,,,
Bruneau,BigWD055,2,3.0,,,,,,,,
Bruneau,BigWD055,2,4.0,,,,,,,,
Bruneau,BigWD055,2,5.0,,,,,,,,
Bruneau,BigWD055,2,6.0,,,37,POSE,,,,
Bruneau,BigWD055,2,7.0,,,,,,,,
Bruneau,BigWD055,2,8.0,16,ARTRW8,35,POSE,,,,
Bruneau,BigWD055,2,9.0,,,,,,,,
Bruneau,BigWD055,2,10.0,52,ARTRW8,,,,,,
Bruneau,BigWD055,2,11.0,,,37,POSE,,,,
Bruneau,BigWD055,2,12.0,,,,,,,,
Bruneau,BigWD055,2,13.0,,,,,,,,
Bruneau,BigWD055,2,14.0,,,,,,,,
Bruneau,BigWD055,2,15.0,,,,,,,,
Bruneau,BigWD055,2,16.0,31,ARTRW8,4,POSE,,,,
Bruneau,BigWD055,2,17.0,,,,,,,,
Bruneau,BigWD055,2,18.0,85,ARTRW8,,,,,,
Bruneau,BigWD055,2,19.0,,,,,,,,
Bruneau,BigWD055,2,20.0,,,,,,,,
Bruneau,BigWD055,2,21.0,,,,,,,,
Bruneau,BigWD055,2,22.0,,,,,,,,
Bruneau,BigWD055,2,23.0,7,ARTRW8,,,,,,
Bruneau,BigWD055,2,24.0,,,,,,,,
Bruneau,BigWD055,2,25.0,,,,,,,,
Bruneau,BigWD055,3,1.0,,,,,,,,
Bruneau,BigWD055,3,2.0,,,,,,,,
Bruneau,BigWD055,3,3.0,,,,,,,,
Bruneau,BigWD055,3,4.0,,,42,POSE,,,,
Bruneau,BigWD055,3,5.0,76,ARTRW8,,,,,,
Bruneau,BigWD055,3,6.0,,,,,,,,
Bruneau,BigWD055,3,7.0,,,,,,,,
Bruneau,BigWD055,3,8.0,,,,,,,,
Bruneau,BigWD055,3,9.0,,,,,,,,
Bruneau,BigWD055,3,10.0,,,,,,,,
Bruneau,BigWD055,3,11.0,,,,,,,,
Bruneau,BigWD055,3,12.0,,,19,POSE,,,,
Bruneau,BigWD055,3,13.0,,,46,POSE,,,,
Bruneau,BigWD055,3,14.0,92,ARTRW8,,,,,,
Bruneau,BigWD055,3,15.0,,,,,,,,
Bruneau,BigWD055,3,16.0,,,,,,,,
Bruneau,BigWD055,3,17.0,,,16,ERSP3,,,,
Bruneau,BigWD055,3,18.0,,,,,,,,
Bruneau,BigWD055,3,19.0,,,2,ERSP3,,,,
Bruneau,BigWD055,3,20.0,,,,,,,,
Bruneau,BigWD055,3,21.0,,,,,,,,
Bruneau,BigWD055,3,22.0,,,,,,,,
Bruneau,BigWD055,3,23.0,,,,,,,,
Bruneau,BigWD055,3,24.0,,,,,,,,
Bruneau,BigWD055,3,25.0,,,,,,,,
Bruneau,LowWD19,1,1.0,,,,,,,,
Bruneau,LowWD19,1,2.0,,,,,,,,
Bruneau,LowWD19,1,3.0,57,ARTRV,,,,,,
Bruneau,LowWD19,1,4.0,,,,,,,,
Bruneau,LowWD19,1,5.0,72,ARTRV,,,,,,
Bruneau,LowWD19,1,6.0,59,ARTRV,,,,,,
Bruneau,LowWD19,1,7.0,,,,,,,,
Bruneau,LowWD19,1,8.0,,,,,,,,
Bruneau,LowWD19,1,9.0,,,9,POSE,,,,
Bruneau,LowWD19,1,10.0,,,,,,,,
Bruneau,LowWD19,1,11.0,,,,,,,,
Bruneau,LowWD19,1,12.0,,,,,,,,
Bruneau,LowWD19,1,13.0,,,6,PSSP6,,,,
Bruneau,LowWD19,1,14.0,5,ARTRV,,,,,,
Bruneau,LowWD19,1,15.0,,,,,,,,
Bruneau,LowWD19,1,16.0,,,,,,,,
Bruneau,LowWD19,1,17.0,,,2,PHDI3,,,,
Bruneau,LowWD19,1,18.0,,,,,,,,
Bruneau,LowWD19,1,19.0,,,6,PSSP6,,,,
Bruneau,LowWD19,1,20.0,,,,,,,,
Bruneau,LowWD19,1,21.0,,,,,,,,
Bruneau,LowWD19,1,22.0,,,45,PSSP6,,,,
Bruneau,LowWD19,1,23.0,,,,,,,,
Bruneau,LowWD19,1,24.0,,,,,,,,
Bruneau,LowWD19,1,25.0,,,,,,,,
Bruneau,LowWD19,2,1.0,,,,,,,,
Bruneau,LowWD19,2,2.0,,,,,,,,
Bruneau,LowWD19,2,3.0,,,,,,,,
Bruneau,LowWD19,2,4.0,,,,,,,,
Bruneau,LowWD19,2,5.0,63,ARTRV,,,,,,
Bruneau,LowWD19,2,6.0,,,,,,,,
Bruneau,LowWD19,2,7.0,,,34,POSE,,,,
Bruneau,LowWD19,2,8.0,,,,,,,,
Bruneau,LowWD19,2,9.0,,,,,,,,
Bruneau,LowWD19,2,10.0,63,ARTRV,,,,,,
Bruneau,LowWD19,2,11.0,,,,,,,,
Bruneau,LowWD19,2,12.0,,,,,,,,
Bruneau,LowWD19,2,13.0,,,,,,,,
Bruneau,LowWD19,2,14.0,,,,,,,,
Bruneau,LowWD19,2,15.0,,,18,POSE,,,,
Bruneau,LowWD19,2,16.0,,,3,POSE,,,,
Bruneau,LowWD19,2,17.0,,,,,,,,
Bruneau,LowWD19,2,18.0,,,,,,,,
Bruneau,LowWD19,2,19.0,,,,,,,,
Bruneau,LowWD19,2,20.0,,,,,,,,
Bruneau,LowWD19,2,21.0,,,,,,,,
Bruneau,LowWD19,2,22.0,,,,,,,,
Bruneau,LowWD19,2,23.0,3,TEGL,,,,,,
Bruneau,LowWD19,2,24.0,,,,,,,,
Bruneau,LowWD19,2,25.0,,,,,,,,
Bruneau,LowWD19,3,1.0,,,,,,,,
Bruneau,LowWD19,3,2.0,,,,,,,,
Bruneau,LowWD19,3,3.0,,,47,PSSP6,,,,
Bruneau,LowWD19,3,4.0,,,6,PSSP6,,,,
Bruneau,LowWD19,3,5.0,,,,,,,,
Bruneau,LowWD19,3,6.0,,,3,POSE,,,,
Bruneau,LowWD19,3,7.0,,,,,,,,
Bruneau,LowWD19,3,8.0,,,,,,,,
Bruneau,LowWD19,3,9.0,,,,,,,,
Bruneau,LowWD19,3,10.0,,,,,,,,
Bruneau,LowWD19,3,11.0,56,ARTRV,,,,,,
Bruneau,LowWD19,3,12.0,,,,,,,,
Bruneau,LowWD19,3,13.0,,,,,,,,
Bruneau,LowWD19,3,14.0,,,,,,,,
Bruneau,LowWD19,3,15.0,,,,,,,,
Bruneau,LowWD19,3,16.0,,,,,,,,
Bruneau,LowWD19,3,17.0,,,,,,,,
Bruneau,LowWD19,3,18.0,,,,,,,,
Bruneau,LowWD19,3,19.0,,,,,,,,
Bruneau,LowWD19,3,20.0,,,,,,,,
Bruneau,LowWD19,3,21.0,77,ARTRV,13,PSSP6,,,,
Bruneau,LowWD19,3,22.0,,,,,,,,
Bruneau,LowWD19,3,23.0,,,,,,,,
Bruneau,LowWD19,3,24.0,,,,,,,,
Bruneau,LowWD19,3,25.0,73,ARTRV,,,,,,
Bruneau,BasinCM001,1,2.5,,,,,24,CHVI8,32,POSE
Bruneau,BasinCM001,1,5.0,,,,,26,CHVI8,2,AGGL
Bruneau,BasinCM001,1,7.5,,,,,48,CHVI8,43,PSSP6
Bruneau,BasinCM001,1,10.0,,,,,7,CHVI8,22,POSE
Bruneau,BasinCM001,1,12.5,,,,,,,28,PSSP6
Bruneau,BasinCM001,1,15.0,,,,,69,ARTRV,3,ELEL5
Bruneau,BasinCM001,1,17.5,,,,,13,CHVI8,12,BRTE
Bruneau,BasinCM001,1,20.0,,,,,51,ARTRV,24,POSE
Bruneau,BasinCM001,1,22.5,,,,,12,CHVI8,16,POSE
Bruneau,BasinCM001,1,25.0,,,,,57,ARTRV,,
Bruneau,BasinCM001,2,2.5,,,,,3,ARTRV,5,EPBR3
Bruneau,BasinCM001,2,5.0,,,,,,,,
Bruneau,BasinCM001,2,7.5,,,,,24,CHVI8,33,POSE
Bruneau,BasinCM001,2,10.0,,,,,39,ARTRV,45,POSE
Bruneau,BasinCM001,2,12.5,,,,,21,CHVI8,9,POSE
Bruneau,BasinCM001,2,15.0,,,,,,,21,POSE
Bruneau,BasinCM001,2,17.5,,,,,76,CHVI8,41,POSE
Bruneau,BasinCM001,2,20.0,,,,,,,41,POSE
Bruneau,BasinCM001,2,22.5,,,,,,,22,POSE
Bruneau,BasinCM001,2,25.0,,,,,38,CHVI8,38,ELEL5
Bruneau,BasinCM001,3,2.5,,,,,5,CHVI8,3,POSE
Bruneau,BasinCM001,3,5.0,,,,,6,CHVI8,17,POSE
Bruneau,BasinCM001,3,7.5,,,,,2,CHVI8,31,POSE
Bruneau,BasinCM001,3,10.0,,,,,26,CHVI8,21,POSE
Bruneau,BasinCM001,3,12.5,,,,,,,13,POSE
Bruneau,BasinCM001,3,15.0,,,,,,,26,POSE
Bruneau,BasinCM001,3,17.5,,,,,21,CHVI8,26,ELEL5
Bruneau,BasinCM001,3,20.0,,,,,8,CHVI8,18,POSE
Bruneau,BasinCM001,3,22.5,,,,,13,CHVI8,11,POSE
Bruneau,BasinCM001,3,25.0,,,,,4,CHVI8,28,POSE
Bruneau,BasinCM002,1,2.5,,,,,,,4,POSE
Bruneau,BasinCM002,1,5.0,,,,,,,43,ELEL5
Bruneau,BasinCM002,1,7.5,,,,,,,29,ELEL5
Bruneau,BasinCM002,1,10.0,,,,,25,PPSH,4,ELEL5
Bruneau,BasinCM002,1,12.5,,,,,,,45,PSSP6
Bruneau,BasinCM002,1,15.0,,,,,,,36,POSE
Bruneau,BasinCM002,1,17.5,,,,,16,PPSH,57,PSSP6
Bruneau,BasinCM002,1,20.0,,,,,,,38,ELEL5
Bruneau,BasinCM002,1,22.5,,,,,2,PPSH,28,POSE
Bruneau,BasinCM002,1,25.0,,,,,,,41,ELEL5
Bruneau,BasinCM002,2,2.5,,,,,,,44,POSE
Bruneau,BasinCM002,2,5.0,,,,,,,47,PSSP6
Bruneau,BasinCM002,2,7.5,,,,,,,59,PSSP6
Bruneau,BasinCM002,2,10.0,,,,,,,65,PSSP6
Bruneau,BasinCM002,2,12.5,,,,,,,41,POSE
Bruneau,BasinCM002,2,15.0,,,,,,,65,PSSP6
Bruneau,BasinCM002,2,17.5,,,,,,,47,POSE
Bruneau,BasinCM002,2,20.0,,,,,,,38,POSE
Bruneau,BasinCM002,2,22.5,,,,,,,3,PPGG
Bruneau,BasinCM002,2,25.0,,,,,,,54,PSSP6
Bruneau,BasinCM002,3,2.5,,,,,46,ARTRV,33,ELEL5
Bruneau,BasinCM002,3,5.0,,,,,32,ARARL,48,POSE
Bruneau,BasinCM002,3,7.5,,,,,,,29,POSE
Bruneau,BasinCM002,3,10.0,,,,,,,3,POSE
Bruneau,BasinCM002,3,12.5,,,,,37,ARARL,37,POSE
Bruneau,BasinCM002,3,15.0,,,,,2,ARARL,26,ELEL5
Bruneau,BasinCM002,3,17.5,,,,,31,ARARL,31,POSE
Bruneau,BasinCM002,3,20.0,,,,,27,ARARL,42,POSE
Bruneau,BasinCM002,3,22.5,,,,,,,26,ELEL5
Bruneau,BasinCM002,3,25.0,,,,,18,ARARL,29,POSE
Bruneau,BasinCM003,1,2.5,,,,,,,4,POSE
Bruneau,BasinCM003,1,5.0,,,,,,,5,FEID
Bruneau,BasinCM003,1,7.5,,,,,,,,
Bruneau,BasinCM003,1,10.0,,,,,4,ARTRW8,41,LUPINPF
Bruneau,BasinCM003,1,12.5,,,,,28,ARTRW8,65,FEID
Bruneau,BasinCM003,1,15.0,,,,,,,54,FEID
Bruneau,BasinCM003,1,17.5,,,,,,,48,FEID
Bruneau,BasinCM003,1,20.0,,,,,,,28,FEID
Bruneau,BasinCM003,1,22.5,,,,,17,ARTRW8,52,FEID
Bruneau,BasinCM003,1,25.0,,,,,,,57,FEID
Bruneau,BasinCM003,2,2.5,,,,,43,ARTRW8,61,FEID
Bruneau,BasinCM003,2,5.0,,,,,77,ARTRW8,64,FEID
Bruneau,BasinCM003,2,7.5,,,,,92,ARTRW8,77,FEID
Bruneau,BasinCM003,2,10.0,,,,,,,55,PSSP6
Bruneau,BasinCM003,2,12.5,,,,,,,17,FEID
Bruneau,BasinCM003,2,15.0,,,,,59,ERNA1,58,FEID
Bruneau,BasinCM003,2,17.5,,,,,61,ARTRW8,52,POSE
Bruneau,BasinCM003,2,20.0,,,,,,,48,FEID
Bruneau,BasinCM003,2,22.5,,,,,31,CHVI8,46,FEID
Bruneau,BasinCM003,2,25.0,,,,,,,9,POSE
Bruneau,BasinCM003,3,2.5,,,,,56,ARTRW8,23,POSE
Bruneau,BasinCM003,3,5.0,,,,,,,65,PSSP6
Bruneau,BasinCM003,3,7.5,,,,,,,27,POSE
Bruneau,BasinCM003,3,10.0,,,,,28,ERNA1,22,EPBR3
Bruneau,BasinCM003,3,12.5,,,,,,,51,FEID
Bruneau,BasinCM003,3,15.0,,,,,78,ARTRW8,82,FEID
Bruneau,BasinCM003,3,17.5,,,,,64,ARTRW8,51,FEID
Bruneau,BasinCM003,3,20.0,,,,,,,36,POSE
Bruneau,BasinCM003,3,22.5,,,,,,,72,FEID
Bruneau,BasinCM003,3,25.0,,,,,,,56,FEID
Bruneau,BasinCM004,1,2.5,,,,,43,ARTRW8,7,PSSP6
Bruneau,BasinCM004,1,5.0,,,,,34,ARTRW8,35,ELEL5
Bruneau,BasinCM004,1,7.5,,,,,5,ARTRW8,8,ERPU2
Bruneau,BasinCM004,1,10.0,,,,,,,48,BRTE
Bruneau,BasinCM004,1,12.5,,,,,38,ARTRW8,49,ELEL5
Bruneau,BasinCM004,1,15.0,,,,,,,42,BRTE
Bruneau,BasinCM004,1,17.5,,,,,77,ARTRW8,41,POSE
Bruneau,BasinCM004,1,20.0,,,,,52,ARTRW8,18,POSE
Bruneau,BasinCM004,1,22.5,,,,,,,14,SPCR
Bruneau,BasinCM004,1,25.0,,,,,,,2,ERPU2
Bruneau,BasinCM004,2,2.5,,,,,,,22,ELEL5
Bruneau,BasinCM004,2,5.0,,,,,82,ARTRW8,38,POSE
Bruneau,BasinCM004,2,7.5,,,,,,,39,BRTE
Bruneau,BasinCM004,2,10.0,,,,,,,41,BRTE
Bruneau,BasinCM004,2,12.5,,,,,,,35,BRTE
Bruneau,BasinCM004,2,15.0,,,,,,,43,BRTE
Bruneau,BasinCM004,2,17.5,,,,,67,ARTRW8,71,BRTE
Bruneau,BasinCM004,2,20.0,,,,,56,ARTRW8,5,BRTE
Bruneau,BasinCM004,2,22.5,,,,,,,61,PSSP6
Bruneau,BasinCM004,2,25.0,,,,,87,ARTRT,39,BRTE
Bruneau,BasinCM004,3,2.5,,,,,74,ARTRW8,43,BRTE
Bruneau,BasinCM004,3,5.0,,,,,,,5,PSSP6
Bruneau,BasinCM004,3,7.5,,,,,,,32,PSSP6
Bruneau,BasinCM004,3,10.0,,,,,,,18,POSE
Bruneau,BasinCM004,3,12.5,,,,,,,13,ERPU2
Bruneau,BasinCM004,3,15.0,,,,,67,ARTRW8,21,ELEL5
Bruneau,BasinCM004,3,17.5,,,,,76,ARTRW8,24,POSE
Bruneau,BasinCM004,3,20.0,,,,,47,ARTRW8,3,POSE
Bruneau,BasinCM004,3,22.5,,,,,,,36,POSE
Bruneau,BasinCM004,3,25.0,,,,,7,ARTRW8,4,BRTE
Bruneau,BasinCM005,1,2.5,,,,,35,CHVI8,67,FEID
Bruneau,BasinCM005,1,5.0,,,,,,,26,FEID
Bruneau,BasinCM005,1,7.5,,,,,,,37,POSE
Bruneau,BasinCM005,1,10.0,,,,,,,35,FEID
Bruneau,BasinCM005,1,12.5,,,,,,,6,PSSP6
Bruneau,BasinCM005,1,15.0,,,,,47,CHVI8,52,FEID
Bruneau,BasinCM005,1,17.5,,,,,34,CHVI8,59,FEID
Bruneau,BasinCM005,1,20.0,,,,,34,CHVI8,68,PSSP6
Bruneau,BasinCM005,1,22.5,,,,,14,ARTRW8,5,FEID
Bruneau,BasinCM005,1,25.0,,,,,,,49,FEID
Bruneau,BasinCM005,2,2.5,,,,,,,35,FEID
Bruneau,BasinCM005,2,5.0,,,,,,,51,FEID
Bruneau,BasinCM005,2,7.5,,,,,52,ARTRW8,52,FEID
Bruneau,BasinCM005,2,10.0,,,,,,,61,PSSP6
Bruneau,BasinCM005,2,12.5,,,,,,,24,POSE
Bruneau,BasinCM005,2,15.0,,,,,,,32,POSE
Bruneau,BasinCM005,2,17.5,,,,,,,59,FEID
Bruneau,BasinCM005,2,20.0,,,,,,,66,FEID
Bruneau,BasinCM005,2,22.5,,,,,,,65,FEID
Bruneau,BasinCM005,2,25.0,,,,,,,46,FEID
Bruneau,BasinCM005,3,2.5,,,,,22,CHVI8,53,PSSP6
Bruneau,BasinCM005,3,5.0,,,,,,,59,FEID
Bruneau,BasinCM005,3,7.5,,,,,,,77,PSSP6
Bruneau,BasinCM005,3,10.0,,,,,,,7,FEID
Bruneau,BasinCM005,3,12.5,,,,,45,CHVI8,62,FEID
Bruneau,BasinCM005,3,15.0,,,,,,,27,BRTE
Bruneau,BasinCM005,3,17.5,,,,,24,CHVI8,36,POSE
Bruneau,BasinCM005,3,20.0,,,,,,,54,PSSP6
Bruneau,BasinCM005,3,22.5,,,,,,,59,FEID
Bruneau,BasinCM005,3,25.0,,,,,,,66,FEID
Bruneau,BigCM014,1,2.5,,,,,,,19,FEID
Bruneau,BigCM014,1,5.0,,,,,27,ARAR8,36,FEID
Bruneau,BigCM014,1,7.5,,,,,48,ARNO4,19,POSE
Bruneau,BigCM014,1,10.0,,,,,24,ARNO4,23,FEID
Bruneau,BigCM014,1,12.5,,,,,17,ARAR8,14,FEID
Bruneau,BigCM014,1,15.0,,,,,,,,
Bruneau,BigCM014,1,17.5,,,,,,,,
Bruneau,BigCM014,1,20.0,,,,,,,,
Bruneau,BigCM014,1,22.5,,,,,45,SYALL,58,PSSP6
Bruneau,BigCM014,1,25.0,,,,,13,ARNO4,49,PSSP6
Bruneau,BigCM014,2,2.5,,,,,37,ARNO4,3,FEID
Bruneau,BigCM014,2,5.0,,,,,27,ARAR8,1,POSE
Bruneau,BigCM014,2,7.5,,,,,36,ARAR8,55,FEID
Bruneau,BigCM014,2,10.0,,,,,51,ARNO4,49,FEID
Bruneau,BigCM014,2,12.5,,,,,2,ARAR8,38,FEID
Bruneau,BigCM014,2,15.0,,,,,12,ARAR8,38,FEID
Bruneau,BigCM014,2,17.5,,,,,29,ARAR8,65,FEID
Bruneau,BigCM014,2,20.0,,,,,37,ARAR8,5,FEID
Bruneau,BigCM014,2,22.5,,,,,29,ARAR8,49,PSSP6
Bruneau,BigCM014,2,25.0,,,,,27,ARAR8,6,FEID
Bruneau,BigCM014,3,2.5,,,,,8,ARNO4,57,PSSP6
Bruneau,BigCM014,3,5.0,,,,,42,ARNO4,56,FEID
Bruneau,BigCM014,3,7.5,,,,,34,ARNO4,58,PSSP6
Bruneau,BigCM014,3,10.0,,,,,42,ARNO4,32,FEID
Bruneau,BigCM014,3,12.5,,,,,4,ARNO4,6,PSSP6
Bruneau,BigCM014,3,15.0,,,,,23,ARTRV,48,PSSP6
Bruneau,BigCM014,3,17.5,,,,,48,ARNO4,6,PSSP6
Bruneau,BigCM014,3,20.0,,,,,53,ARNO4,18,FEID
Bruneau,BigCM014,3,22.5,,,,,16,ARNO4,69,PSSP6
Bruneau,BigCM014,3,25.0,,,,,18,ARNO4,48,PSSP6
Bruneau,BigCM015,1,2.5,,,,,38,ARTRV,26,FEID
Bruneau,BigCM015,1,5.0,,,,,52,ARTRV,33,FEID
Bruneau,BigCM015,1,7.5,,,,,,,3,FEID
Bruneau,BigCM015,1,10.0,,,,,,,37,KOMA
Bruneau,BigCM015,1,12.5,,,,,,,39,FEID
Bruneau,BigCM015,1,15.0,,,,,71,ARTRV,32,FEID
Bruneau,BigCM015,1,17.5,,,,,,,31,FEID
Bruneau,BigCM015,1,20.0,,,,,82,ARTRV,3,FEID
Bruneau,BigCM015,1,22.5,,,,,61,ARTRV,2,FEID
Bruneau,BigCM015,1,25.0,,,,,,,45,FEID
Bruneau,BigCM015,2,2.5,,,,,,,45,POSE
Bruneau,BigCM015,2,5.0,,,,,,,41,FEID
Bruneau,BigCM015,2,7.5,,,,,,,3,FEID
Bruneau,BigCM015,2,10.0,,,,,,,1,CAREX
Bruneau,BigCM015,2,12.5,,,,,63,ARTRV,4,FEID
Bruneau,BigCM015,2,15.0,,,,,58,ARTRV,15,FEID
Bruneau,BigCM015,2,17.5,,,,,,,43,FEID
Bruneau,BigCM015,2,20.0,,,,,4,ARTRV,8,LUPINPF
Bruneau,BigCM015,2,22.5,,,,,2,ARTRV,34,FEID
Bruneau,BigCM015,2,25.0,,,,,4,ARTRV,43,FEID
Bruneau,BigCM015,3,2.5,,,,,,,46,FEID
Bruneau,BigCM015,3,5.0,,,,,,,54,FEID
Bruneau,BigCM015,3,7.5,,,,,33,ARTRV,14,CAREX
Bruneau,BigCM015,3,10.0,,,,,46,ARTRV,5,FEID
Bruneau,BigCM015,3,12.5,,,,,,,42,FEID
Bruneau,BigCM015,3,15.0,,,,,62,ARTRV,37,FEID
Bruneau,BigCM015,3,17.5,,,,,3,PPSH,36,FEID
Bruneau,BigCM015,3,20.0,,,,,,,29,FEID
Bruneau,BigCM015,3,22.5,,,,,,,43,FEID
Bruneau,BigCM015,3,25.0,,,,,,,4,FEID
Bruneau,BigCM016,1,2.5,,,,,,,23,POSE
Bruneau,BigCM016,1,5.0,,,,,15,JUOC,87,FEID
Bruneau,BigCM016,1,7.5,,,,,,,47,PSSP6
Bruneau,BigCM016,1,10.0,,,,,,,39,PSSP6
Bruneau,BigCM016,1,12.5,,,,,,,19,PSSP6
Bruneau,BigCM016,1,15.0,,,,,26,JUOC,15,POSE
Bruneau,BigCM016,1,17.5,,,,,4,JUOC,,
Bruneau,BigCM016,1,20.0,,,,,,,,
Bruneau,BigCM016,1,22.5,,,,,,,3,ARABI2AF
Bruneau,BigCM016,1,25.0,,,,,,,14,PPGG
Bruneau,BigCM016,2,2.5,,,,,14,JUOC,,
Bruneau,BigCM016,2,5.0,,,,,,,23,PSSP6
Bruneau,BigCM016,2,7.5,,,,,,,,
Bruneau,BigCM016,2,10.0,,,,,16,HODI,7,PSSP6
Bruneau,BigCM016,2,12.5,,,,,,,14,PSSP6
Bruneau,BigCM016,2,15.0,,,,,41,JUOC,47,FEID
Bruneau,BigCM016,2,17.5,,,,,61,JUOC,37,POSE
Bruneau,BigCM016,2,20.0,,,,,,,6,ELEL5
Bruneau,BigCM016,2,22.5,,,,,,,,
Bruneau,BigCM016,2,25.0,,,,,,,17,ERIGE2PF
Bruneau,BigCM016,3,2.5,,,,,,,31,POSE
Bruneau,BigCM016,3,5.0,,,,,,,,
Bruneau,BigCM016,3,7.5,,,,,,,19,POSE
Bruneau,BigCM016,3,10.0,,,,,,,16,POSE
Bruneau,BigCM016,3,12.5,,,,,,,,
Bruneau,BigCM016,3,15.0,,,,,,,49,POSE
Bruneau,BigCM016,3,17.5,,,,,135,JUOC,37,POSE
Bruneau,BigCM016,3,20.0,,,,,72,ARTRV,48,PSSP6
Bruneau,BigCM016,3,22.5,,,,,,,67,PSSP6
Bruneau,BigCM016,3,25.0,,,,,,,75,FEID
Bruneau,BigCM017,1,2.5,,,,,1,PUTR2,17,FEID
Bruneau,BigCM017,1,5.0,,,,,16,PUTR2,5,FEID
Bruneau,BigCM017,1,7.5,,,,,54,PUTR2,49,FEID
Bruneau,BigCM017,1,10.0,,,,,9,PUTR2,21,FEID
Bruneau,BigCM017,1,12.5,,,,,,,3,FEID
Bruneau,BigCM017,1,15.0,,,,,65,PUTR2,73,FEID
Bruneau,BigCM017,1,17.5,,,,,61,ARTRV,71,PSSP6
Bruneau,BigCM017,1,20.0,,,,,46,ARTRV,37,FEID
Bruneau,BigCM017,1,22.5,,,,,,,35,FEID
Bruneau,BigCM017,1,25.0,,,,,,,61,FEID
Bruneau,BigCM017,2,2.5,,,,,24,CHVI8,52,FEID
Bruneau,BigCM017,2,5.0,,,,,17,ARAR8,13,FEID
Bruneau,BigCM017,2,7.5,,,,,45,ARAR8,44,FEID
Bruneau,BigCM017,2,10.0,,,,,,,52,FEID
Bruneau,BigCM017,2,12.5,,,,,45,PUTR2,43,PSSP6
Bruneau,BigCM017,2,15.0,,,,,,,7,FEID
Bruneau,BigCM017,2,17.5,,,,,71,ARTRV,29,FEID
Bruneau,BigCM017,2,20.0,,,,,25,ARAR8,47,FEID
Bruneau,BigCM017,2,22.5,,,,,74,PUTR2,62,FEID
Bruneau,BigCM017,2,25.0,,,,,,,22,FEID
Bruneau,BigCM017,3,2.5,,,,,91,ARTRV,59,FEID
Bruneau,BigCM017,3,5.0,,,,,,,49,FEID
Bruneau,BigCM017,3,7.5,,,,,51,PUTR2,,
Bruneau,BigCM017,3,10.0,,,,,,,29,FEID
Bruneau,BigCM017,3,12.5,,,,,,,29,FEID
Bruneau,BigCM017,3,15.0,,,,,,,53,FEID
Bruneau,BigCM017,3,17.5,,,,,75,ARTRV,53,FEID
Bruneau,BigCM017,3,20.0,,,,,79,PUTR2,14,FEID
Bruneau,BigCM017,3,22.5,,,,,,,56,FEID
Bruneau,BigCM017,3,25.0,,,,,,,51,FEID
Bruneau,BigCM018,1,2.5,,,,,52,PUTR2,66,CREPIPF
Bruneau,BigCM018,1,5.0,,,,,51,CHVI8,58,FEID
Bruneau,BigCM018,1,7.5,,,,,23,CHVI8,64,FEID
Bruneau,BigCM018,1,10.0,,,,,14,PUTR2,71,FEID
Bruneau,BigCM018,1,12.5,,,,,,,46,FEID
Bruneau,BigCM018,1,15.0,,,,,38,ARAR8,7,FEID
Bruneau,BigCM018,1,17.5,,,,,,,56,FEID
Bruneau,BigCM018,1,20.0,,,,,38,ARAR8,63,FEID
Bruneau,BigCM018,1,22.5,,,,,43,ARAR8,53,FEID
Bruneau,BigCM018,1,25.0,,,,,4,ARAR8,49,FEID
Bruneau,BigCM018,2,2.5,,,,,1,ARTRV,63,FEID
Bruneau,BigCM018,2,5.0,,,,,97,ARTRV,54,FEID
Bruneau,BigCM018,2,7.5,,,,,95,ARTRV,48,FEID
Bruneau,BigCM018,2,10.0,,,,,,,63,PSSP6
Bruneau,BigCM018,2,12.5,,,,,66,ARTRV,66,FEID
Bruneau,BigCM018,2,15.0,,,,,,,55,FEID
Bruneau,BigCM018,2,17.5,,,,,,,81,PSSP6
Bruneau,BigCM018,2,20.0,,,,,,,32,POSE
Bruneau,BigCM018,2,22.5,,,,,,,56,FEID
Bruneau,BigCM018,2,25.0,,,,,51,ARAR8,95,FEID
Bruneau,BigCM018,3,2.5,,,,,65,PUTR2,56,FEID
Bruneau,BigCM018,3,5.0,,,,,,,,
Bruneau,BigCM018,3,7.5,,,,,43,ARAR8,48,FEID
Bruneau,BigCM018,3,10.0,,,,,28,ARAR8,5,BRTE
Bruneau,BigCM018,3,12.5,,,,,19,ARAR8,38,FEID
Bruneau,BigCM018,3,15.0,,,,,,,36,FEID
Bruneau,BigCM018,3,17.5,,,,,14,ARAR8,41,FEID
Bruneau,BigCM018,3,20.0,,,,,5,ARAR8,72,FEID
Bruneau,BigCM018,3,22.5,,,,,31,ARAR8,43,FEID
Bruneau,BigCM018,3,25.0,,,,,3,ARAR8,45,PSSP6
Bruneau,BigCM020,1,2.5,,,,,,,49,PSSP6
Bruneau,BigCM020,1,5.0,,,,,75,ARTRV,64,FEID
Bruneau,BigCM020,1,7.5,,,,,71,PUTR2,66,POSE
Bruneau,BigCM020,1,10.0,,,,,57,PUTR2,63,FEID
Bruneau,BigCM020,1,12.5,,,,,82,PUTR2,61,POSE
Bruneau,BigCM020,1,15.0,,,,,,,69,PSSP6
Bruneau,BigCM020,1,17.5,,,,,83,ARTRV,38,FEID
Bruneau,BigCM020,1,20.0,,,,,,,69,PSSP6
Bruneau,BigCM020,1,22.5,,,,,43,PUTR2,51,FEID
Bruneau,BigCM020,1,25.0,,,,,,,48,PSSP6
Bruneau,BigCM020,2,2.5,,,,,92,ARTRV,68,FEID
Bruneau,BigCM020,2,5.0,,,,,32,ARTRV,69,FEID
Bruneau,BigCM020,2,7.5,,,,,87,ARTRV,49,FEID
Bruneau,BigCM020,2,10.0,,,,,74,ARTRV,59,FEID
Bruneau,BigCM020,2,12.5,,,,,41,PUTR2,5,FEID
Bruneau,BigCM020,2,15.0,,,,,74,ARTRV,56,FEID
Bruneau,BigCM020,2,17.5,,,,,71,ARTRV,51,FEID
Bruneau,BigCM020,2,20.0,,,,,12,ARTRV,69,FEID
Bruneau,BigCM020,2,22.5,,,,,56,ARTRV,65,FEID
Bruneau,BigCM020,2,25.0,,,,,31,CELE3,54,FEID
Bruneau,BigCM020,3,2.5,,,,,51,ARTRV,71,ACOC3
Bruneau,BigCM020,3,5.0,,,,,79,ARTRV,78,FEID
Bruneau,BigCM020,3,7.5,,,,,75,ARTRV,72,FEID
Bruneau,BigCM020,3,10.0,,,,,,,34,FEID
Bruneau,BigCM020,3,12.5,,,,,7,ARTRV,79,FEID
Bruneau,BigCM020,3,15.0,,,,,96,ARTRV,67,ELEL5
Bruneau,BigCM020,3,17.5,,,,,,,62,FEID
Bruneau,BigCM020,3,20.0,,,,,47,ARTRV,67,FEID
Bruneau,BigCM020,3,22.5,,,,,44,ARTRV,59,FEID
Bruneau,BigCM020,3,25.0,,,,,85,ARTRV,55,POSE
Bruneau,BigWD054,1,2.5,,,,,54,ARTRW8,28,ELEL5
Bruneau,BigWD054,1,5.0,,,,,4,ARTRW8,29,POSE
Bruneau,BigWD054,1,7.5,,,,,5,ARTRW8,27,POSE
Bruneau,BigWD054,1,10.0,,,,,46,ARTRW8,35,POSE
Bruneau,BigWD054,1,12.5,,,,,35,ARTRW8,27,POSE
Bruneau,BigWD054,1,15.0,,,,,37,ARTRW8,35,POSE
Bruneau,BigWD054,1,17.5,,,,,,,15,ELEL5
Bruneau,BigWD054,1,20.0,,,,,11,ARTRW8,22,POSE
Bruneau,BigWD054,1,22.5,,,,,28,ARTRW8,25,POSE
Bruneau,BigWD054,1,25.0,,,,,25,ARTRW8,26,POSE
Bruneau,BigWD054,2,2.5,,,,,27,ARTRW8,37,POSE
Bruneau,BigWD054,2,5.0,,,,,27,ARTRW8,44,POSE
Bruneau,BigWD054,2,7.5,,,,,58,ARTRW8,46,POSE
Bruneau,BigWD054,2,10.0,,,,,55,ARTRW8,12,POSE
Bruneau,BigWD054,2,12.5,,,,,,,,
Bruneau,BigWD054,2,15.0,,,,,,,11,ELEL5
Bruneau,BigWD054,2,17.5,,,,,28,ARTRW8,27,POSE
Bruneau,BigWD054,2,20.0,,,,,29,ARTRW8,31,ELEL5
Bruneau,BigWD054,2,22.5,,,,,33,ARTRW8,39,DEPI
Bruneau,BigWD054,2,25.0,,,,,39,ARTRW8,46,POSE
Bruneau,BigWD054,3,2.5,,,,,,,34,POSE
Bruneau,BigWD054,3,5.0,,,,,18,ARTRW8,23,ELEL5
Bruneau,BigWD054,3,7.5,,,,,,,16,POSE
Bruneau,BigWD054,3,10.0,,,,,41,ARTRW8,38,DEPI
Bruneau,BigWD054,3,12.5,,,,,42,ARTRW8,23,POSE
Bruneau,BigWD054,3,15.0,,,,,,,24,POSE
Bruneau,BigWD054,3,17.5,,,,,27,ARTRW8,28,ELEL5
Bruneau,BigWD054,3,20.0,,,,,,,21,POSE
Bruneau,BigWD054,3,22.5,,,,,,,13,ELEL5
Bruneau,BigWD054,3,25.0,,,,,55,ARTRW8,38,POSE
Bruneau,BigWD055,1,2.5,,,,,,,25,BRTE
Bruneau,BigWD055,1,5.0,,,,,7,ARTRW8,32,BRTE
Bruneau,BigWD055,1,7.5,,,,,,,21,BRTE
Bruneau,BigWD055,1,10.0,,,,,,,36,BRTE
Bruneau,BigWD055,1,12.5,,,,,68,ARTRW8,58,BRTE
Bruneau,BigWD055,1,15.0,,,,,,,52,BRTE
Bruneau,BigWD055,1,17.5,,,,,,,33,BRTE
Bruneau,BigWD055,1,20.0,,,,,,,37,BRTE
Bruneau,BigWD055,1,22.5,,,,,,,16,BRTE
Bruneau,BigWD055,1,25.0,,,,,,,22,BRTE
Bruneau,BigWD055,2,2.5,,,,,,,29,BRTE
Bruneau,BigWD055,2,5.0,,,,,,,17,POSE
Bruneau,BigWD055,2,7.5,,,,,,,27,POSE
Bruneau,BigWD055,2,10.0,,,,,53,ARTRW8,46,POSE
Bruneau,BigWD055,2,12.5,,,,,67,ARTRW8,55,POSE
Bruneau,BigWD055,2,15.0,,,,,,,43,BRTE
Bruneau,BigWD055,2,17.5,,,,,75,ARTRW8,3,BRTE
Bruneau,BigWD055,2,20.0,,,,,,,8,COTI2
Bruneau,BigWD055,2,22.5,,,,,61,ARTRW8,57,BRTE
Bruneau,BigWD055,2,25.0,,,,,,,3,BRTE
Bruneau,BigWD055,3,2.5,,,,,57,ARTRW8,56,BRTE
Bruneau,BigWD055,3,5.0,,,,,67,ARTRW8,49,BRTE
Bruneau,BigWD055,3,7.5,,,,,,,3,BRTE
Bruneau,BigWD055,3,10.0,,,,,3,ARTRW8,36,POSE
Bruneau,BigWD055,3,12.5,,,,,44,ARTRW8,47,DEPI
Bruneau,BigWD055,3,15.0,,,,,,,31,POSE
Bruneau,BigWD055,3,17.5,,,,,,,45,BRTE
Bruneau,BigWD055,3,20.0,,,,,,,4,POSE
Bruneau,BigWD055,3,22.5,,,,,,,39,BRTE
Bruneau,BigWD055,3,25.0,,,,,,,27,BRTE
Bruneau,Black108,1,2.5,,,,,27,ARTRW8,18,BRTE
Bruneau,Black108,1,5.0,,,,,39,ARTRW8,32,BRTE
Bruneau,Black108,1,7.5,,,,,55,ARTRW8,34,POSE
Bruneau,Black108,1,10.0,,,,,73,ARTRW8,38,BRTE
Bruneau,Black108,1,12.5,,,,,,,36,BRTE
Bruneau,Black108,1,15.0,,,,,85,ARTRW8,34,BRTE
Bruneau,Black108,1,17.5,,,,,,,28,BRTE
Bruneau,Black108,1,20.0,,,,,42,ARTRW8,37,POSE
Bruneau,Black108,1,22.5,,,,,46,ARTRW8,32,BRTE
Bruneau,Black108,1,25.0,,,,,,,27,BRTE
Bruneau,Black108,2,2.5,,,,,35,SAVE4,36,BRTE
Bruneau,Black108,2,5.0,,,,,37,SAVE4,28,BRTE
Bruneau,Black108,2,7.5,,,,,,,36,SPCR
Bruneau,Black108,2,10.0,,,,,25,ARTRW8,37,BRTE
Bruneau,Black108,2,12.5,,,,,,,37,SPCR
Bruneau,Black108,2,15.0,,,,,37,ARTRW8,25,BRTE
Bruneau,Black108,2,17.5,,,,,,,31,POSE
Bruneau,Black108,2,20.0,,,,,,,38,BRTE
Bruneau,Black108,2,22.5,,,,,,,39,POSE
Bruneau,Black108,2,25.0,,,,,,,44,POSE
Bruneau,Black108,3,2.5,,,,,35,ARTRW8,29,BRTE
Bruneau,Black108,3,5.0,,,,,33,SAVE4,26,BRTE
Bruneau,Black108,3,7.5,,,,,15,SAVE4,34,POSE
Bruneau,Black108,3,10.0,,,,,26,ARTRW8,34,POSE
Bruneau,Black108,3,12.5,,,,,19,ARTRW8,38,POSE
Bruneau,Black108,3,15.0,,,,,,,29,BRTE
Bruneau,Black108,3,17.5,,,,,32,ARTRW8,52,POSE
Bruneau,Black108,3,20.0,,,,,61,ARTRW8,54,POSE
Bruneau,Black108,3,22.5,,,,,61,ARTRW8,33,BRTE
Bruneau,Black108,3,25.0,,,,,51,ARTRW8,4,BRTE
Bruneau,Black109,1,2.5,,,,,33,CHVI8,28,DEPI
Bruneau,Black109,1,5.0,,,,,3,TEGL,42,POSE
Bruneau,Black109,1,7.5,,,,,34,CHVI8,24,POSE
Bruneau,Black109,1,10.0,,,,,51,TEGL,55,BRTE
Bruneau,Black109,1,12.5,,,,,,,4,BRTE
Bruneau,Black109,1,15.0,,,,,46,ARTRW8,45,BRTE
Bruneau,Black109,1,17.5,,,,,2,CHVI8,39,BRTE
Bruneau,Black109,1,20.0,,,,,,,48,BRTE
Bruneau,Black109,1,22.5,,,,,39,ARTRW8,34,BRTE
Bruneau,Black109,1,25.0,,,,,71,ARTRW8,44,BRTE
Bruneau,Black109,2,2.5,,,,,18,GRSP,4,BRTE
Bruneau,Black109,2,5.0,,,,,2,GRSP,,
Bruneau,Black109,2,7.5,,,,,3,GRSP,47,BRTE
Bruneau,Black109,2,10.0,,,,,3,GRSP,29,BRTE
Bruneau,Black109,2,12.5,,,,,26,GRSP,35,BRTE
Bruneau,Black109,2,15.0,,,,,2,GRSP,44,BRTE
Bruneau,Black109,2,17.5,,,,,23,GRSP,19,BRTE
Bruneau,Black109,2,20.0,,,,,12,PPSH,,
Bruneau,Black109,2,22.5,,,,,43,TEGL,,
Bruneau,Black109,2,25.0,,,,,13,GRSP,,
Bruneau,Black109,3,2.5,,,,,,,7,ASPU9
Bruneau,Black109,3,5.0,,,,,23,TEGL,34,BRTE
Bruneau,Black109,3,7.5,,,,,3,CHVI8,4,BRTE
Bruneau,Black109,3,10.0,,,,,13,GRSP,28,BRTE
Bruneau,Black109,3,12.5,,,,,8,TEGL,21,POSE
Bruneau,Black109,3,15.0,,,,,2,GRSP,26,BRTE
Bruneau,Black109,3,17.5,,,,,14,TEGL,,
Bruneau,Black109,3,20.0,,,,,24,GRSP,44,BRTE
Bruneau,Black109,3,22.5,,,,,,,25,POSE
Bruneau,Black109,3,25.0,,,,,52,TEGL,47,BRTE
Bruneau,Black110,1,2.5,,,,,65,ARTRW8,2,BRTE
Bruneau,Black110,1,5.0,,,,,56,ARTRW8,21,BRTE
Bruneau,Black110,1,7.5,,,,,36,ARTRW8,19,BRTE
Bruneau,Black110,1,10.0,,,,,22,ARTRW8,16,BRTE
Bruneau,Black110,1,12.5,,,,,38,GRSP,32,BRTE
Bruneau,Black110,1,15.0,,,,,12,ARTRW8,28,BRTE
Bruneau,Black110,1,17.5,,,,,,,22,BRTE
Bruneau,Black110,1,20.0,,,,,,,23,BRTE
Bruneau,Black110,1,22.5,,,,,15,GRSP,51,POSE
Bruneau,Black110,1,25.0,,,,,,,34,POSE
Bruneau,Black110,2,2.5,,,,,35,ARTRW8,43,BRTE
Bruneau,Black110,2,5.0,,,,,116,ARTRW8,44,BRTE
Bruneau,Black110,2,7.5,,,,,62,ARTRW8,38,BRTE
Bruneau,Black110,2,10.0,,,,,46,ARTRW8,37,BRTE
Bruneau,Black110,2,12.5,,,,,19,CHVI8,23,BRTE
Bruneau,Black110,2,15.0,,,,,,,24,BRTE
Bruneau,Black110,2,17.5,,,,,24,ARTRW8,31,BRTE
Bruneau,Black110,2,20.0,,,,,23,ARTRW8,25,POSE
Bruneau,Black110,2,22.5,,,,,51,ARTRW8,36,POSE
Bruneau,Black110,2,25.0,,,,,24,GRSP,37,POSE
Bruneau,Black110,3,2.5,,,,,,,29,BRTE
Bruneau,Black110,3,5.0,,,,,6,ARTRW8,26,BRTE
Bruneau,Black110,3,7.5,,,,,65,ARTRW8,34,BRTE
Bruneau,Black110,3,10.0,,,,,15,ARTRW8,26,POSE
Bruneau,Black110,3,12.5,,,,,43,ARTRW8,3,BRTE
Bruneau,Black110,3,15.0,,,,,35,ARTRW8,29,POSE
Bruneau,Black110,3,17.5,,,,,,,22,BRTE
Bruneau,Black110,3,20.0,,,,,35,ARTRW8,24,DEPI
Bruneau,Black110,3,22.5,,,,,,,,
Bruneau,Black110,3,25.0,,,,,63,ARTRW8,41,
Bruneau,Black111,1,2.5,,,,,,,46,BRTE
Bruneau,Black111,1,5.0,,,,,,,32,SATR12
Bruneau,Black111,1,7.5,,,,,,,33,BRTE
Bruneau,Black111,1,10.0,,,,,,,48,BRTE
Bruneau,Black111,1,12.5,,,,,,,54,BRTE
Bruneau,Black111,1,15.0,,,,,,,47,BRTE
Bruneau,Black111,1,17.5,,,,,,,4,BRTE
Bruneau,Black111,1,20.0,,,,,,,47,BRTE
Bruneau,Black111,1,22.5,,,,,,,5,BRTE
Bruneau,Black111,1,25.0,,,,,,,7,CHAL7
Bruneau,Black111,2,2.5,,,,,,,55,PSSP6
Bruneau,Black111,2,5.0,,,,,,,3,BRTE
Bruneau,Black111,2,7.5,,,,,,,37,BRTE
Bruneau,Black111,2,10.0,,,,,,,45,BRTE
Bruneau,Black111,2,12.5,,,,,,,41,SATR12
Bruneau,Black111,2,15.0,,,,,,,65,PSSP6
Bruneau,Black111,2,17.5,,,,,,,49,SATR12
Bruneau,Black111,2,20.0,,,,,,,5,BRTE
Bruneau,Black111,2,22.5,,,,,,,41,BRTE
Bruneau,Black111,2,25.0,,,,,,,38,SATR12
Bruneau,Black111,3,2.5,,,,,,,31,BRTE
Bruneau,Black111,3,5.0,,,,,,,46,BRTE
Bruneau,Black111,3,7.5,,,,,,,52,BRTE
Bruneau,Black111,3,10.0,,,,,,,42,BRTE
Bruneau,Black111,3,12.5,,,,,,,35,SATR12
Bruneau,Black111,3,15.0,,,,,,,32,SATR12
Bruneau,Black111,3,17.5,,,,,,,,
Bruneau,Black111,3,20.0,,,,,,,43,BRTE
Bruneau,Black111,3,22.5,,,,,,,39,SATR12
Bruneau,Black111,3,25.0,,,,,,,42,CHAL7
Bruneau,Black112,1,2.5,,,,,18,ARNO4,35,POSE
Bruneau,Black112,1,5.0,,,,,,,37,POSE
Bruneau,Black112,1,7.5,,,,,46,ARNO4,9,POSE
Bruneau,Black112,1,10.0,,,,,35,ARNO4,43,POSE
Bruneau,Black112,1,12.5,,,,,29,SAVE4,51,POSE
Bruneau,Black112,1,15.0,,,,,24,ARNO4,34,POSE
Bruneau,Black112,1,17.5,,,,,3,ARNO4,36,POSE
Bruneau,Black112,1,20.0,,,,,,,41,POSE
Bruneau,Black112,1,22.5,,,,,,,22,BRTE
Bruneau,Black112,1,25.0,,,,,,,18,BRTE
Bruneau,Black112,2,2.5,,,,,29,ARNO4,34,BRTE
Bruneau,Black112,2,5.0,,,,,34,ARNO4,31,POSE
Bruneau,Black112,2,7.5,,,,,4,ARNO4,26,BRTE
Bruneau,Black112,2,10.0,,,,,84,ARTRW8,35,BRTE
Bruneau,Black112,2,12.5,,,,,,,35,BRTE
Bruneau,Black112,2,15.0,,,,,,,17,BRTE
Bruneau,Black112,2,17.5,,,,,3,ARNO4,4,POSE
Bruneau,Black112,2,20.0,,,,,6,ARTRW8,32,BRTE
Bruneau,Black112,2,22.5,,,,,,,18,BRTE
Bruneau,Black112,2,25.0,,,,,17,ARNO4,29,BRTE
Bruneau,Black112,3,2.5,,,,,26,ARNO4,26,POSE
Bruneau,Black112,3,5.0,,,,,24,ARNO4,29,POSE
Bruneau,Black112,3,7.5,,,,,,,25,POSE
Bruneau,Black112,3,10.0,,,,,31,ARNO4,22,POSE
Bruneau,Black112,3,12.5,,,,,,,23,POSE
Bruneau,Black112,3,15.0,,,,,,,31,POSE
Bruneau,Black112,3,17.5,,,,,17,GRSP,55,POSE
Bruneau,Black112,3,20.0,,,,,25,GRSP,36,BRTE
Bruneau,Black112,3,22.5,,,,,35,ARNO4,37,POSE
Bruneau,Black112,3,25.0,,,,,25,ARNO4,29,POSE
Bruneau,LowCM124,1,2.5,,,,,57,CHVI8,41,BRTE
Bruneau,LowCM124,1,5.0,,,,,94,ARTRV,49,FEID
Bruneau,LowCM124,1,7.5,,,,,129,ARTRV,3,FEID
Bruneau,LowCM124,1,10.0,,,,,7,CHVI8,48,FEID
Bruneau,LowCM124,1,12.5,,,,,,,51,BRTE
Bruneau,LowCM124,1,15.0,,,,,86,CHVI8,53,BRTE
Bruneau,LowCM124,1,17.5,,,,,,,41,BRTE
Bruneau,LowCM124,1,20.0,,,,,51,CHVI8,45,BRTE
Bruneau,LowCM124,1,22.5,,,,,41,ARTRV,45,BRTE
Bruneau,LowCM124,1,25.0,,,,,,,58,ACHY
Bruneau,LowCM124,2,2.5,,,,,64,ARTRV,62,FEID
Bruneau,LowCM124,2,5.0,,,,,,,49,FEID
Bruneau,LowCM124,2,7.5,,,,,,,5,FEID
Bruneau,LowCM124,2,10.0,,,,,13,ARTRV,61,FEID
Bruneau,LowCM124,2,12.5,,,,,21,ARTRV,61,PSSP6
Bruneau,LowCM124,2,15.0,,,,,18,ARTRV,64,FEID
Bruneau,LowCM124,2,17.5,,,,,,,53,FEID
Bruneau,LowCM124,2,20.0,,,,,29,ARAR8,56,FEID
Bruneau,LowCM124,2,22.5,,,,,11,ARAR8,49,FEID
Bruneau,LowCM124,2,25.0,,,,,,,,
Bruneau,LowCM124,3,2.5,,,,,57,ARTRV,5,BRTE
Bruneau,LowCM124,3,5.0,,,,,,,45,BRTE
Bruneau,LowCM124,3,7.5,,,,,,,46,PSSP6
Bruneau,LowCM124,3,10.0,,,,,24,CHVI8,27,BRTE
Bruneau,LowCM124,3,12.5,,,,,,,,
Bruneau,LowCM124,3,15.0,,,,,3,ARAR8,24,BRTE
Bruneau,LowCM124,3,17.5,,,,,1,ARAR8,29,BRTE
Bruneau,LowCM124,3,20.0,,,,,,,16,PSSP6
Bruneau,LowCM124,3,22.5,,,,,,,34,FEID
Bruneau,LowCM124,3,25.0,,,,,8,PPSH,23,BRTE
Bruneau,LowCM125,1,2.5,,,,,7,PUTR2,6,PSSP6
Bruneau,LowCM125,1,5.0,,,,,,,54,FEID
Bruneau,LowCM125,1,7.5,,,,,2,ARTRV,36,PSSP6
Bruneau,LowCM125,1,10.0,,,,,,,75,PSSP6
Bruneau,LowCM125,1,12.5,,,,,,,55,POSE
Bruneau,LowCM125,1,15.0,,,,,,,29,POSE
Bruneau,LowCM125,1,17.5,,,,,,,5,POSE
Bruneau,LowCM125,1,20.0,,,,,19,ARTRV,38,FEID
Bruneau,LowCM125,1,22.5,,,,,,,58,FEID
Bruneau,LowCM125,1,25.0,,,,,,,38,POSE
Bruneau,LowCM125,2,2.5,,,,,77,PUTR2,33,POSE
Bruneau,LowCM125,2,5.0,,,,,,,4,POSE
Bruneau,LowCM125,2,7.5,,,,,,,18,POSE
Bruneau,LowCM125,2,10.0,,,,,,,53,FEID
Bruneau,LowCM125,2,12.5,,,,,,,56,FEID
Bruneau,LowCM125,2,15.0,,,,,,,31,POSE
Bruneau,LowCM125,2,17.5,,,,,,,27,POSE
Bruneau,LowCM125,2,20.0,,,,,,,34,POSE
Bruneau,LowCM125,2,22.5,,,,,,,51,ACTH7
Bruneau,LowCM125,2,25.0,,,,,,,29,POSE
Bruneau,LowCM125,3,2.5,,,,,,,57,ACTH7
Bruneau,LowCM125,3,5.0,,,,,,,44,POSE
Bruneau,LowCM125,3,7.5,,,,,,,68,FEID
Bruneau,LowCM125,3,10.0,,,,,,,38,POSE
Bruneau,LowCM125,3,12.5,,,,,,,5,PSSP6
Bruneau,LowCM125,3,15.0,,,,,35,CHVI8,56,ACTH7
Bruneau,LowCM125,3,17.5,,,,,,,46,POSE
Bruneau,LowCM125,3,20.0,,,,,,,4,FEID
Bruneau,LowCM125,3,22.5,,,,,,,69,FEID
Bruneau,LowCM125,3,25.0,,,,,,,61,ACTH7
Bruneau,LowCM126,1,2.5,,,,,,,41,POSE
Bruneau,LowCM126,1,5.0,,,,,23,ARTRV,28,POSE
Bruneau,LowCM126,1,7.5,,,,,59,ARTRV,5,ELEL5
Bruneau,LowCM126,1,10.0,,,,,56,ARTRV,19,FEID
Bruneau,LowCM126,1,12.5,,,,,,,5,POSE
Bruneau,LowCM126,1,15.0,,,,,,,5,POSE
Bruneau,LowCM126,1,17.5,,,,,32,CHVI8,42,ELEL5
Bruneau,LowCM126,1,20.0,,,,,21,CHVI8,5,POSE
Bruneau,LowCM126,1,22.5,,,,,7,ARTRV,14,POSE
Bruneau,LowCM126,1,25.0,,,,,9,ARTRV,33,POSE
Bruneau,LowCM126,2,2.5,,,,,99,ARTRV,4,FEID
Bruneau,LowCM126,2,5.0,,,,,,,39,BRTE
Bruneau,LowCM126,2,7.5,,,,,35,CHVI8,32,BRTE
Bruneau,LowCM126,2,10.0,,,,,53,CHVI8,49,FEID
Bruneau,LowCM126,2,12.5,,,,,,,12,ELEL5
Bruneau,LowCM126,2,15.0,,,,,45,CHVI8,64,POSE
Bruneau,LowCM126,2,17.5,,,,,,,34,POSE
Bruneau,LowCM126,2,20.0,,,,,,,46,FEID
Bruneau,LowCM126,2,22.5,,,,,,,52,PSSP6
Bruneau,LowCM126,2,25.0,,,,,,,5,PSSP6
Bruneau,LowCM126,3,2.5,,,,,78,ARTRV,36,BRTE
Bruneau,LowCM126,3,5.0,,,,,19,ARTRV,21,BRTE
Bruneau,LowCM126,3,7.5,,,,,,,43,FEID
Bruneau,LowCM126,3,10.0,,,,,76,ARTRV,2,BRTE
Bruneau,LowCM126,3,12.5,,,,,,,62,BRTE
Bruneau,LowCM126,3,15.0,,,,,,,37,FEID
Bruneau,LowCM126,3,17.5,,,,,,,47,FEID
Bruneau,LowCM126,3,20.0,,,,,,,54,PSSP6
Bruneau,LowCM126,3,22.5,,,,,,,49,PSSP6
Bruneau,LowCM126,3,25.0,,,,,,,64,PSSP6
Bruneau,LowCM127,1,2.5,,,,,,,4,POSE
Bruneau,LowCM127,1,5.0,,,,,4,ARAR8,42,ELEL5
Bruneau,LowCM127,1,7.5,,,,,11,ARAR8,23,BRTE
Bruneau,LowCM127,1,10.0,,,,,,,18,POSE
Bruneau,LowCM127,1,12.5,,,,,,,54,BRHO2
Bruneau,LowCM127,1,15.0,,,,,,,55,BRHO2
Bruneau,LowCM127,1,17.5,,,,,52,ARAR8,45,ELEL5
Bruneau,LowCM127,1,20.0,,,,,,,4,BRTE
Bruneau,LowCM127,1,22.5,,,,,37,ARAR8,59,BRTE
Bruneau,LowCM127,1,25.0,,,,,43,ARAR8,51,BRTE
Bruneau,LowCM127,2,2.5,,,,,41,ARAR8,46,FEID
Bruneau,LowCM127,2,5.0,,,,,46,ARAR8,8,POSE
Bruneau,LowCM127,2,7.5,,,,,,,42,POSE
Bruneau,LowCM127,2,10.0,,,,,,,43,ACMI2
Bruneau,LowCM127,2,12.5,,,,,77,ARTRT,23,FEID
Bruneau,LowCM127,2,15.0,,,,,,,21,ERPU2
Bruneau,LowCM127,2,17.5,,,,,,,13,FEID
Bruneau,LowCM127,2,20.0,,,,,58,CHVI8,34,BRTE
Bruneau,LowCM127,2,22.5,,,,,71,ARTRV,,
Bruneau,LowCM127,2,25.0,,,,,,,1,POSE
Bruneau,LowCM127,3,2.5,,,,,,,13,ERPU2
Bruneau,LowCM127,3,5.0,,,,,51,ARAR8,6,POSE
Bruneau,LowCM127,3,7.5,,,,,14,ARAR8,6,POSE
Bruneau,LowCM127,3,10.0,,,,,48,ARAR8,55,BRTE
Bruneau,LowCM127,3,12.5,,,,,54,CHVI8,44,BRTE
Bruneau,LowCM127,3,15.0,,,,,89,ARTRV,36,ELEL5
Bruneau,LowCM127,3,17.5,,,,,,,35,BRTE
Bruneau,LowCM127,3,20.0,,,,,,,44,BRTE
Bruneau,LowCM127,3,22.5,,,,,,,42,BRTE
Bruneau,LowCM127,3,25.0,,,,,,,29,BRHO2
Bruneau,LowCM128,1,2.5,,,,,,,54,FEID
Bruneau,LowCM128,1,5.0,,,,,,,45,FEID
Bruneau,LowCM128,1,7.5,,,,,,,55,FEID
Bruneau,LowCM128,1,10.0,,,,,,,46,FEID
Bruneau,LowCM128,1,12.5,,,,,,,5,FEID
Bruneau,LowCM128,1,15.0,,,,,,,35,POSE
Bruneau,LowCM128,1,17.5,,,,,,,36,POSE
Bruneau,LowCM128,1,20.0,,,,,,,35,POSE
Bruneau,LowCM128,1,22.5,,,,,,,47,FEID
Bruneau,LowCM128,1,25.0,,,,,37,ARAR8,6,POSE
Bruneau,LowCM128,2,2.5,,,,,,,49,POSE
Bruneau,LowCM128,2,5.0,,,,,,,36,POSE
Bruneau,LowCM128,2,7.5,,,,,,,35,POSE
Bruneau,LowCM128,2,10.0,,,,,,,42,POSE
Bruneau,LowCM128,2,12.5,,,,,,,47,POSE
Bruneau,LowCM128,2,15.0,,,,,29,ARAR8,46,FEID
Bruneau,LowCM128,2,17.5,,,,,,,45,POSE
Bruneau,LowCM128,2,20.0,,,,,17,ARAR8,37,POSE
Bruneau,LowCM128,2,22.5,,,,,,,41,POSE
Bruneau,LowCM128,2,25.0,,,,,,,55,FEID
Bruneau,LowCM128,3,2.5,,,,,23,ARAR8,59,FEID
Bruneau,LowCM128,3,5.0,,,,,37,ARAR8,56,FEID
Bruneau,LowCM128,3,7.5,,,,,,,4,FEID
Bruneau,LowCM128,3,10.0,,,,,,,37,POSE
Bruneau,LowCM128,3,12.5,,,,,,,36,POSE
Bruneau,LowCM128,3,15.0,,,,,,,41,FEID
Bruneau,LowCM128,3,17.5,,,,,,,33,POSE
Bruneau,LowCM128,3,20.0,,,,,,,42,FEID
Bruneau,LowCM128,3,22.5,,,,,5,ARAR8,36,POSE
Bruneau,LowCM128,3,25.0,,,,,22,ARAR8,56,FEID
Bruneau,LowCM129,1,2.5,,,,,,,63,FEID
Bruneau,LowCM129,1,5.0,,,,,3,ARARL,5,FEID
Bruneau,LowCM129,1,7.5,,,,,22,ARARL,49,FEID
Bruneau,LowCM129,1,10.0,,,,,,,36,FEID
Bruneau,LowCM129,1,12.5,,,,,,,66,FEID
Bruneau,LowCM129,1,15.0,,,,,,,5,FEID
Bruneau,LowCM129,1,17.5,,,,,,,71,FEID
Bruneau,LowCM129,1,20.0,,,,,,,71,FEID
Bruneau,LowCM129,1,22.5,,,,,,,64,FEID
Bruneau,LowCM129,1,25.0,,,,,7,LIPU11,41,FEID
Bruneau,LowCM129,2,2.5,,,,,,,57,FEID
Bruneau,LowCM129,2,5.0,,,,,,,54,FEID
Bruneau,LowCM129,2,7.5,,,,,,,43,FEID
Bruneau,LowCM129,2,10.0,,,,,24,ARARL,67,FEID
Bruneau,LowCM129,2,12.5,,,,,,,55,FEID
Bruneau,LowCM129,2,15.0,,,,,37,ARAR8,55,FEID
Bruneau,LowCM129,2,17.5,,,,,2,PPSH,65,FEID
Bruneau,LowCM129,2,20.0,,,,,8,PPSH,49,FEID
Bruneau,LowCM129,2,22.5,,,,,33,ARAR8,29,POSE
Bruneau,LowCM129,2,25.0,,,,,4,ARAR8,27,POSE
Bruneau,LowCM129,3,2.5,,,,,,,45,FEID
Bruneau,LowCM129,3,5.0,,,,,1,LIPU11,49,FEID
Bruneau,LowCM129,3,7.5,,,,,,,6,FEID
Bruneau,LowCM129,3,10.0,,,,,,,41,FEID
Bruneau,LowCM129,3,12.5,,,,,,,67,FEID
Bruneau,LowCM129,3,15.0,,,,,,,54,FEID
Bruneau,LowCM129,3,17.5,,,,,,,59,FEID
Bruneau,LowCM129,3,20.0,,,,,,,52,FEID
Bruneau,LowCM129,3,22.5,,,,,,,37,POSE
Bruneau,LowCM129,3,25.0,,,,,,,47,FEID
Bruneau,LowCM130,1,2.5,,,,,,,37,FEID
Bruneau,LowCM130,1,5.0,,,,,,,11,POSE
Bruneau,LowCM130,1,7.5,,,,,114,PUTR2,6,FEID
Bruneau,LowCM130,1,10.0,,,,,41,CHVI8,,
Bruneau,LowCM130,1,12.5,,,,,58,ARTRV,6,FEID
Bruneau,LowCM130,1,15.0,,,,,1,PUTR2,34,FEID
Bruneau,LowCM130,1,17.5,,,,,12,PUTR2,59,FEID
Bruneau,LowCM130,1,20.0,,,,,86,PUTR2,,
Bruneau,LowCM130,1,22.5,,,,,21,CHVI8,32,FEID
Bruneau,LowCM130,1,25.0,,,,,12,CHVI8,7,POSE
Bruneau,LowCM130,2,2.5,,,,,,,47,FEID
Bruneau,LowCM130,2,5.0,,,,,19,CHVI8,11,FEID
Bruneau,LowCM130,2,7.5,,,,,,,19,POSE
Bruneau,LowCM130,2,10.0,,,,,,,16,FEID
Bruneau,LowCM130,2,12.5,,,,,4,ARTRV,57,FEID
Bruneau,LowCM130,2,15.0,,,,,87,PUTR2,6,FEID
Bruneau,LowCM130,2,17.5,,,,,26,CHVI8,6,FEID
Bruneau,LowCM130,2,20.0,,,,,,,7,FEID
Bruneau,LowCM130,2,22.5,,,,,,,23,POSE
Bruneau,LowCM130,2,25.0,,,,,26,CHVI8,16,FEID
Bruneau,LowCM130,3,2.5,,,,,,,42,FEID
Bruneau,LowCM130,3,5.0,,,,,,,34,FEID
Bruneau,LowCM130,3,7.5,,,,,31,CHVI8,36,POSE
Bruneau,LowCM130,3,10.0,,,,,,,46,FEID
Bruneau,LowCM130,3,12.5,,,,,,,1,POSE
Bruneau,LowCM130,3,15.0,,,,,,,2,POSE
Bruneau,LowCM130,3,17.5,,,,,,,23,POSE
Bruneau,LowCM130,3,20.0,,,,,,,13,POSE
Bruneau,LowCM130,3,22.5,,,,,,,25,POSE
Bruneau,LowCM130,3,25.0,,,,,27,ARTRV,57,FEID
Bruneau,LowCM131,1,2.5,,,,,,,45,POSE
Bruneau,LowCM131,1,5.0,,,,,,,63,POSE
Bruneau,LowCM131,1,7.5,,,,,,,45,POSE
Bruneau,LowCM131,1,10.0,,,,,,,37,POSE
Bruneau,LowCM131,1,12.5,,,,,,,5,POSE
Bruneau,LowCM131,1,15.0,,,,,,,9,POSE
Bruneau,LowCM131,1,17.5,,,,,,,,
Bruneau,LowCM131,1,20.0,,,,,,,39,POSE
Bruneau,LowCM131,1,22.5,,,,,,,35,POSE
Bruneau,LowCM131,1,25.0,,,,,2,ARAR8,46,POSE
Bruneau,LowCM131,2,2.5,,,,,,,33,POSE
Bruneau,LowCM131,2,5.0,,,,,,,7,EPBR3
Bruneau,LowCM131,2,7.5,,,,,,,16,POSE
Bruneau,LowCM131,2,10.0,,,,,,,32,POSE
Bruneau,LowCM131,2,12.5,,,,,,,37,POSE
Bruneau,LowCM131,2,15.0,,,,,,,22,POSE
Bruneau,LowCM131,2,17.5,,,,,,,27,POSE
Bruneau,LowCM131,2,20.0,,,,,,,28,POSE
Bruneau,LowCM131,2,22.5,,,,,,,13,POSE
Bruneau,LowCM131,2,25.0,,,,,,,37,POSE
Bruneau,LowCM131,3,2.5,,,,,,,28,POSE
Bruneau,LowCM131,3,5.0,,,,,,,12,ELEL5
Bruneau,LowCM131,3,7.5,,,,,,,34,POSE
Bruneau,LowCM131,3,10.0,,,,,,,36,POSE
Bruneau,LowCM131,3,12.5,,,,,,,6,POSE
Bruneau,LowCM131,3,15.0,,,,,44,ARAR8,57,POSE
Bruneau,LowCM131,3,17.5,,,,,21,ARAR8,37,POSE
Bruneau,LowCM131,3,20.0,,,,,,,23,POSE
Bruneau,LowCM131,3,22.5,,,,,,,31,POSE
Bruneau,LowCM131,3,25.0,,,,,,,31,POSE
Bruneau,LowCM132,1,2.5,,,,,16,ARARL,64,POSE
Bruneau,LowCM132,1,5.0,,,,,36,ARARL,43,POSE
Bruneau,LowCM132,1,7.5,,,,,,,18,POSE
Bruneau,LowCM132,1,10.0,,,,,,,31,POSE
Bruneau,LowCM132,1,12.5,,,,,,,19,POSE
Bruneau,LowCM132,1,15.0,,,,,,,39,POSE
Bruneau,LowCM132,1,17.5,,,,,,,46,BRTE
Bruneau,LowCM132,1,20.0,,,,,15,ARARL,47,POSE
Bruneau,LowCM132,1,22.5,,,,,,,21,POSE
Bruneau,LowCM132,1,25.0,,,,,,,27,POSE
Bruneau,LowCM132,2,2.5,,,,,,,33,POSE
Bruneau,LowCM132,2,5.0,,,,,,,46,POSE
Bruneau,LowCM132,2,7.5,,,,,,,12,BRTE
Bruneau,LowCM132,2,10.0,,,,,,,23,POSE
Bruneau,LowCM132,2,12.5,,,,,,,,
Bruneau,LowCM132,2,15.0,,,,,,,,
Bruneau,LowCM132,2,17.5,,,,,,,38,POSE
Bruneau,LowCM132,2,20.0,,,,,,,35,POSE
Bruneau,LowCM132,2,22.5,,,,,13,ARARL,31,POSE
Bruneau,LowCM132,2,25.0,,,,,,,3,POSE
Bruneau,LowCM132,3,2.5,,,,,,,21,POSE
Bruneau,LowCM132,3,5.0,,,,,,,28,POSE
Bruneau,LowCM132,3,7.5,,,,,,,51,POSE
Bruneau,LowCM132,3,10.0,,,,,42,ARARL,2,POSE
Bruneau,LowCM132,3,12.5,,,,,,,3,POSE
Bruneau,LowCM132,3,15.0,,,,,23,ARARL,28,POSE
Bruneau,LowCM132,3,17.5,,,,,,,15,POSE
Bruneau,LowCM132,3,20.0,,,,,,,12,ERIGE2PF
Bruneau,LowCM132,3,22.5,,,,,,,41,POSE
Bruneau,LowCM132,3,25.0,,,,,5,ARARL,18,ERIOGAF
Bruneau,LowWD188,1,2.5,,,,,43,ARAR8,38,LONU2
Bruneau,LowWD188,1,5.0,,,,,41,ARAR8,24,AAFF
Bruneau,LowWD188,1,7.5,,,,,14,ARAR8,55,FEID
Bruneau,LowWD188,1,10.0,,,,,,,41,POSE
Bruneau,LowWD188,1,12.5,,,,,,,,
Bruneau,LowWD188,1,15.0,,,,,,,18,EPBR3
Bruneau,LowWD188,1,17.5,,,,,,,3,PSSP6
Bruneau,LowWD188,1,20.0,,,,,,,61,PSSP6
Bruneau,LowWD188,1,22.5,,,,,29,ARAR8,14,POSE
Bruneau,LowWD188,1,25.0,,,,,41,ARAR8,15,POSE
Bruneau,LowWD188,2,2.5,,,,,,,66,PSSP6
Bruneau,LowWD188,2,5.0,,,,,,,62,FEID
Bruneau,LowWD188,2,7.5,,,,,,,25,POSE
Bruneau,LowWD188,2,10.0,,,,,,,32,BRHO2
Bruneau,LowWD188,2,12.5,,,,,,,46,BRHO2
Bruneau,LowWD188,2,15.0,,,,,,,42,BRHO2
Bruneau,LowWD188,2,17.5,,,,,48,ARAR8,38,POSE
Bruneau,LowWD188,2,20.0,,,,,,,39,BRTE
Bruneau,LowWD188,2,22.5,,,,,,,32,BRHO2
Bruneau,LowWD188,2,25.0,,,,,49,ARAR8,37,POSE
Bruneau,LowWD188,3,2.5,,,,,22,ARAR8,46,POSE
Bruneau,LowWD188,3,5.0,,,,,,,3,BRHO2
Bruneau,LowWD188,3,7.5,,,,,,,9,BRHO2
Bruneau,LowWD188,3,10.0,,,,,,,24,POSE
Bruneau,LowWD188,3,12.5,,,,,13,ARAR8,39,BRTE
Bruneau,LowWD188,3,15.0,,,,,46,ARAR8,44,LONU2
Bruneau,LowWD188,3,17.5,,,,,56,ARAR8,72,FEID
Bruneau,LowWD188,3,20.0,,,,,,,,
Bruneau,LowWD188,3,22.5,,,,,,,19,BRTE
Bruneau,LowWD188,3,25.0,,,,,,,49,BRTE
Bruneau,LowWD189,1,2.5,,,,,29,PPSH,74,PSSP6
Bruneau,LowWD189,1,5.0,,,,,61,ARTRW8,17,BRTE
Bruneau,LowWD189,1,7.5,,,,,,,57,PSSP6
Bruneau,LowWD189,1,10.0,,,,,,,74,PSSP6
Bruneau,LowWD189,1,12.5,,,,,48,ARTRV,81,PSSP6
Bruneau,LowWD189,1,15.0,,,,,38,PPSH,83,PSSP6
Bruneau,LowWD189,1,17.5,,,,,59,ARTRW8,59,PSSP6
Bruneau,LowWD189,1,20.0,,,,,,,78,PSSP6
Bruneau,LowWD189,1,22.5,,,,,,,25,PSSP6
Bruneau,LowWD189,1,25.0,,,,,,,72,PSSP6
Bruneau,LowWD189,2,2.5,,,,,53,ARTRV,,
Bruneau,LowWD189,2,5.0,,,,,,,,
Bruneau,LowWD189,2,7.5,,,,,,,,
Bruneau,LowWD189,2,10.0,,,,,,,,
Bruneau,LowWD189,2,12.5,,,,,,,,
Bruneau,LowWD189,2,15.0,,,,,18,ARTRV,,
Bruneau,LowWD189,2,17.5,,,,,,,6,BRTE
Bruneau,LowWD189,2,20.0,,,,,,,84,PSSP6
Bruneau,LowWD189,2,22.5,,,,,95,ARTRV,31,PSSP6
Bruneau,LowWD189,2,25.0,,,,,117,ARTRV,49,PSSP6
Bruneau,LowWD189,3,2.5,,,,,87,ARTRV,72,PSSP6
Bruneau,LowWD189,3,5.0,,,,,,,67,PSSP6
Bruneau,LowWD189,3,7.5,,,,,,,34,PSSP6
Bruneau,LowWD189,3,10.0,,,,,,,78,PSSP6
Bruneau,LowWD189,3,12.5,,,,,48,PPSH,81,PSSP6
Bruneau,LowWD189,3,15.0,,,,,,,93,PSSP6
Bruneau,LowWD189,3,17.5,,,,,,,7,PSSP6
Bruneau,LowWD189,3,20.0,,,,,,,78,PSSP6
Bruneau,LowWD189,3,22.5,,,,,,,48,PSSP6
Bruneau,LowWD189,3,25.0,,,,,,,58,PSSP6
Bruneau,LowWD191,1,2.5,,,,,,,3,PSSP6
Bruneau,LowWD191,1,5.0,,,,,54,ARTRV,,
Bruneau,LowWD191,1,7.5,,,,,,,47,PSSP6
Bruneau,LowWD191,1,10.0,,,,,4,ARTRV,44,PSSP6
Bruneau,LowWD191,1,12.5,,,,,,,49,PSSP6
Bruneau,LowWD191,1,15.0,,,,,,,25,POSE
Bruneau,LowWD191,1,17.5,,,,,37,TEGL,56,PSSP6
Bruneau,LowWD191,1,20.0,,,,,,,27,PSSP6
Bruneau,LowWD191,1,22.5,,,,,,,37,PSSP6
Bruneau,LowWD191,1,25.0,,,,,,,36,PSSP6
Bruneau,LowWD191,2,2.5,,,,,,,22,BRTE
Bruneau,LowWD191,2,5.0,,,,,77,ARTRV,22,BRTE
Bruneau,LowWD191,2,7.5,,,,,26,ARTRV,28,BRTE
Bruneau,LowWD191,2,10.0,,,,,52,ARTRV,19,BRTE
Bruneau,LowWD191,2,12.5,,,,,38,ARTRV,28,PSSP6
Bruneau,LowWD191,2,15.0,,,,,,,31,POSE
Bruneau,LowWD191,2,17.5,,,,,,,31,PSSP6
Bruneau,LowWD191,2,20.0,,,,,,,18,BRTE
Bruneau,LowWD191,2,22.5,,,,,43,ARTRV,35,BRTE
Bruneau,LowWD191,2,25.0,,,,,,,17,BRTE
Bruneau,LowWD191,3,2.5,,,,,,,31,POSE
Bruneau,LowWD191,3,5.0,,,,,,,43,POSE
Bruneau,LowWD191,3,7.5,,,,,,,6,PSSP6
Bruneau,LowWD191,3,10.0,,,,,53,ARTRV,46,PSSP6
Bruneau,LowWD191,3,12.5,,,,,9,TEGL,27,PSSP6
Bruneau,LowWD191,3,15.0,,,,,32,TEGL,29,BRTE
Bruneau,LowWD191,3,17.5,,,,,,,,
Bruneau,LowWD191,3,20.0,,,,,,,35,POSE
Bruneau,LowWD191,3,22.5,,,,,,,36,POSE
Bruneau,LowWD191,3,25.0,,,,,,,,
Bruneau,MD204,1,2.5,,,,,21,ARARL,49,FEID
Bruneau,MD204,1,5.0,,,,,,,37,POSE
Bruneau,MD204,1,7.5,,,,,3.5,ARARL,41,POSE
Bruneau,MD204,1,10.0,,,,,,,66,FEID
Bruneau,MD204,1,12.5,,,,,,,6,FEID
Bruneau,MD204,1,15.0,,,,,,,6,FEID
Bruneau,MD204,1,17.5,,,,,27,ARARL,55,FEID
Bruneau,MD204,1,20.0,,,,,,,64,FEID
Bruneau,MD204,1,22.5,,,,,,,78,FEID
Bruneau,MD204,1,25.0,,,,,25,ARARL,25,FEID
Bruneau,MD204,2,2.5,,,,,,,46,POSE
Bruneau,MD204,2,5.0,,,,,51,ARARL,63,FEID
Bruneau,MD204,2,7.5,,,,,41,ARARL,,
Bruneau,MD204,2,10.0,,,,,,,75,PSSP6
Bruneau,MD204,2,12.5,,,,,,,42,BRTE
Bruneau,MD204,2,15.0,,,,,4,ARARL,71,FEID
Bruneau,MD204,2,17.5,,,,,31,ARARL,81,FEID
Bruneau,MD204,2,20.0,,,,,,,39,POSE
Bruneau,MD204,2,22.5,,,,,,,28,POSE
Bruneau,MD204,2,25.0,,,,,,,,
Bruneau,MD204,3,2.5,,,,,,,,
Bruneau,MD204,3,5.0,,,,,,,55,POSE
Bruneau,MD204,3,7.5,,,,,,,51,FEID
Bruneau,MD204,3,10.0,,,,,,,25,ELEL5
Bruneau,MD204,3,12.5,,,,,27,ARARL,31,FEID
Bruneau,MD204,3,15.0,,,,,,,2,PSSP6
Bruneau,MD204,3,17.5,,,,,,,45,POSE
Bruneau,MD204,3,20.0,,,,,,,5,FEID
Bruneau,MD204,3,22.5,,,,,,,24,POSE
Bruneau,MD204,3,25.0,,,,,29,ARARL,3,POSE
Bruneau,MD205,1,2.5,,,,,21,ARARL,41,POSE
Bruneau,MD205,1,5.0,,,,,,,34,POSE
Bruneau,MD205,1,7.5,,,,,,,36,POSE
Bruneau,MD205,1,10.0,,,,,,,16,POSE
Bruneau,MD205,1,12.5,,,,,,,43,POSE
Bruneau,MD205,1,15.0,,,,,,,36,POSE
Bruneau,MD205,1,17.5,,,,,,,39,POSE
Bruneau,MD205,1,20.0,,,,,,,39,POSE
Bruneau,MD205,1,22.5,,,,,,,46,POSE
Bruneau,MD205,1,25.0,,,,,,,45,POSE
Bruneau,MD205,2,2.5,,,,,,,69,POSE
Bruneau,MD205,2,5.0,,,,,,,45,
Bruneau,MD205,2,7.5,,,,,,,,
Bruneau,MD205,2,10.0,,,,,,,42,POSE
Bruneau,MD205,2,12.5,,,,,,,37,POSE
Bruneau,MD205,2,15.0,,,,,,,51,
Bruneau,MD205,2,17.5,,,,,,,37,POSE
Bruneau,MD205,2,20.0,,,,,32,ARARL,5,POSE
Bruneau,MD205,2,22.5,,,,,,,41,POSE
Bruneau,MD205,2,25.0,,,,,,,63,POSE
Bruneau,MD205,3,2.5,,,,,,,42,POSE
Bruneau,MD205,3,5.0,,,,,,,32,POSE
Bruneau,MD205,3,7.5,,,,,,,29,POSE
Bruneau,MD205,3,10.0,,,,,,,39,POSE
Bruneau,MD205,3,12.5,,,,,,,54,POSE
Bruneau,MD205,3,15.0,,,,,,,58,POSE
Bruneau,MD205,3,17.5,,,,,19,ARARL,34,POSE
Bruneau,MD205,3,20.0,,,,,,,28,POSE
Bruneau,MD205,3,22.5,,,,,23,ARARL,37,POSE
Bruneau,MD205,3,25.0,,,,,,,39,POSE
Bruneau,SD215,1,2.5,,,,,39,SAVE4,32,BRTE
Bruneau,SD215,1,5.0,,,,,56,SAVE4,27,BRTE
Bruneau,SD215,1,7.5,,,,,36,SAVE4,28,BRTE
Bruneau,SD215,1,10.0,,,,,52,SAVE4,22,BRTE
Bruneau,SD215,1,12.5,,,,,33,SAVE4,27,BRTE
Bruneau,SD215,1,15.0,,,,,32,SAVE4,25,BRTE
Bruneau,SD215,1,17.5,,,,,24,SAVE4,23,BRTE
Bruneau,SD215,1,20.0,,,,,77,SAVE4,18,BRTE
Bruneau,SD215,1,22.5,,,,,32,SAVE4,33,BRTE
Bruneau,SD215,1,25.0,,,,,,,33,BRTE
Bruneau,SD215,2,2.5,,,,,22,SAVE4,27,BRTE
Bruneau,SD215,2,5.0,,,,,,,16,BRTE
Bruneau,SD215,2,7.5,,,,,41,SAVE4,14,BRTE
Bruneau,SD215,2,10.0,,,,,82,SAVE4,29,BRTE
Bruneau,SD215,2,12.5,,,,,,,17,BRTE
Bruneau,SD215,2,15.0,,,,,,,25,BRTE
Bruneau,SD215,2,17.5,,,,,,,9,BRTE
Bruneau,SD215,2,20.0,,,,,13,SAVE4,15,BRTE
Bruneau,SD215,2,22.5,,,,,,,19,BRTE
Bruneau,SD215,2,25.0,,,,,,,14,BRTE
Bruneau,SD215,3,2.5,,,,,,,,
Bruneau,SD215,3,5.0,,,,,,,23,BRTE
Bruneau,SD215,3,7.5,,,,,,,17,BRTE
Bruneau,SD215,3,10.0,,,,,,,27,BRTE
Bruneau,SD215,3,12.5,,,,,,,23,BRTE
Bruneau,SD215,3,15.0,,,,,,,14,BRTE
Bruneau,SD215,3,17.5,,,,,31,SAVE4,3,BRTE
Bruneau,SD215,3,20.0,,,,,,,1,BRTE
Bruneau,SD215,3,22.5,,,,,38,SAVE4,19,BRTE
Bruneau,SD215,3,25.0,,,,,,,19,BRTE
SLVFO,GUSG-2,1,0.5,1,CHVA2,43,ELEL5,,,,
SLVFO,GUSG-2,1,1.0,,,1,POFE,,,,
SLVFO,GUSG-2,1,1.5,22,ARTRV,,,,,,
SLVFO,GUSG-2,1,2.0,21,ARTRV,46,HECO26,,,,
SLVFO,GUSG-2,1,2.5,,,2,POFE,,,,
SLVFO,GUSG-2,1,3.0,23,ARTRV,36,ELEL5,,,,
SLVFO,GUSG-2,1,3.5,,,5,HECO26,,,,
SLVFO,GUSG-2,1,4.0,,,,,,,,
SLVFO,GUSG-2,1,4.5,,,,,,,,
SLVFO,GUSG-2,1,5.0,,,36,HECO26,,,,
SLVFO,GUSG-2,1,5.5,,,7,HECO26,,,,
SLVFO,GUSG-2,1,6.0,,,,,,,,
SLVFO,GUSG-2,1,6.5,,,61,HECO26,,,,
SLVFO,GUSG-2,1,7.0,13,CHVA2,39,ELEL5,,,,
SLVFO,GUSG-2,1,7.5,,,,,,,,
SLVFO,GUSG-2,1,8.0,,,61,HECO26,,,,
SLVFO,GUSG-2,1,8.5,,,71,HECO26,,,,
SLVFO,GUSG-2,1,9.0,,,69,HECO26,,,,
SLVFO,GUSG-2,1,9.5,,,,,,,,
SLVFO,GUSG-2,1,10.0,,,,,,,,
SLVFO,GUSG-2,1,10.5,21,ARTRV,21,ELEL5,,,,
SLVFO,GUSG-2,1,11.0,,,5,BOGR2,,,,
SLVFO,GUSG-2,1,11.5,26,ARTRV,,,,,,
SLVFO,GUSG-2,1,12.0,16,ARFR4,,,,,,
SLVFO,GUSG-2,1,12.5,,,43,HECO26,,,,
SLVFO,GUSG-2,1,13.0,,,,,,,,
SLVFO,GUSG-2,1,13.5,,,18,HECO26,,,,
SLVFO,GUSG-2,1,14.0,,,,,,,,
SLVFO,GUSG-2,1,14.5,2,CHVA2,,,,,,
SLVFO,GUSG-2,1,15.0,,,,,,,,
SLVFO,GUSG-2,1,15.5,,,,,,,,
SLVFO,GUSG-2,1,16.0,,,12,CAREX,,,,
SLVFO,GUSG-2,1,16.5,,,25,ELEL5,,,,
SLVFO,GUSG-2,1,17.0,,,34,ELEL5,,,,
SLVFO,GUSG-2,1,17.5,21,HYRI,13,CAREX,,,,
SLVFO,GUSG-2,1,18.0,,,,,,,,
SLVFO,GUSG-2,1,18.5,,,14,CAREX,,,,
SLVFO,GUSG-2,1,19.0,17,CHVA2,,,,,,
SLVFO,GUSG-2,1,19.5,,,,,,,,
SLVFO,GUSG-2,1,20.0,28,ARTRV,,,,,,
SLVFO,GUSG-2,1,20.5,,,,,,,,
SLVFO,GUSG-2,1,21.0,22,CHVA2,67,HECO26,,,,
SLVFO,GUSG-2,1,21.5,,,9,HECO26,,,,
SLVFO,GUSG-2,1,22.0,32,ARTRV,,,,,,
SLVFO,GUSG-2,1,22.5,32,ARTRV,32,ELEL5,,,,
SLVFO,GUSG-2,1,23.0,,,3,BOGR2,,,,
SLVFO,GUSG-2,1,23.5,44,ARTRV,,,,,,
SLVFO,GUSG-2,1,24.0,33,ARTRV,,,,,,
SLVFO,GUSG-2,1,24.5,13,ARTRV,3,BOGR2,,,,
SLVFO,GUSG-2,1,25.0,21,ARTRV,28,ELEL5,,,,
SLVFO,GUSG-2,2,0.5,,,,,,,,
SLVFO,GUSG-2,2,1.0,,,,,,,,
SLVFO,GUSG-2,2,1.5,,,,,,,,
SLVFO,GUSG-2,2,2.0,,,,,,,,
SLVFO,GUSG-2,2,2.5,,,,,,,,
SLVFO,GUSG-2,2,3.0,19,CHVA2,,,,,,
SLVFO,GUSG-2,2,3.5,,,,,,,,
SLVFO,GUSG-2,2,4.0,,,21,BOGR2,,,,
SLVFO,GUSG-2,2,4.5,37,ARTRV,58,POFE,,,,
SLVFO,GUSG-2,2,5.0,37,ARTRV,37,ACSC11,,,,
SLVFO,GUSG-2,2,5.5,,,5,BOGR2,,,,
SLVFO,GUSG-2,2,6.0,,,42,ACSC11,,,,
SLVFO,GUSG-2,2,6.5,,,1,CAREX,,,,
SLVFO,GUSG-2,2,7.0,,,,,,,,
SLVFO,GUSG-2,2,7.5,16,CHVA2,,,,,,
SLVFO,GUSG-2,2,8.0,,,18,BOGR2,,,,
SLVFO,GUSG-2,2,8.5,,,,,,,,
SLVFO,GUSG-2,2,9.0,,,,,,,,
SLVFO,GUSG-2,2,9.5,29,ARTRV,,,,,,
SLVFO,GUSG-2,2,10.0,65,ARTRV,,,,,,
SLVFO,GUSG-2,2,10.5,65,ARTRV,,,,,,
SLVFO,GUSG-2,2,11.0,,,3,ELEL5,,,,
SLVFO,GUSG-2,2,11.5,54,ARTRV,32,ELEL5,,,,
SLVFO,GUSG-2,2,12.0,31,ARTRV,,,,,,
SLVFO,GUSG-2,2,12.5,,,,,,,,
SLVFO,GUSG-2,2,13.0,,,,,,,,
SLVFO,GUSG-2,2,13.5,,,,,,,,
SLVFO,GUSG-2,2,14.0,,,33,LUPIN,,,,
SLVFO,GUSG-2,2,14.5,,,,,,,,
SLVFO,GUSG-2,2,15.0,64,ARTRV,12,ACSC11,,,,
SLVFO,GUSG-2,2,15.5,138,QUGA,,,,,,
SLVFO,GUSG-2,2,16.0,131,QUGA,,,,,,
SLVFO,GUSG-2,2,16.5,96,QUGA,,,,,,
SLVFO,GUSG-2,2,17.0,128,QUGA,,,,,,
SLVFO,GUSG-2,2,17.5,11,QUGA,,,,,,
SLVFO,GUSG-2,2,18.0,59,ARTRV,,,,,,
SLVFO,GUSG-2,2,18.5,144,QUGA,,,,,,
SLVFO,GUSG-2,2,19.0,6,ARTRV,,,,,,
SLVFO,GUSG-2,2,19.5,,,,,,,,
SLVFO,GUSG-2,2,20.0,,,,,,,,
SLVFO,GUSG-2,2,20.5,,,,,,,,
SLVFO,GUSG-2,2,21.0,11,QUGA,,,,,,
SLVFO,GUSG-2,2,21.5,11,QUGA,,,,,,
SLVFO,GUSG-2,2,22.0,82,ARTRV,,,,,,
SLVFO,GUSG-2,2,22.5,81,ARTRV,,,,,,
SLVFO,GUSG-2,2,23.0,,,1,CAREX,,,,
SLVFO,GUSG-2,2,23.5,,,,,,,,
SLVFO,GUSG-2,2,24.0,,,14,AF16,,,,
SLVFO,GUSG-2,2,24.5,54,QUGA,,,,,,
SLVFO,GUSG-2,2,25.0,,,,,,,,
SLVFO,GUSG-2,3,0.5,,,44,HECO26,,,,
SLVFO,GUSG-2,3,1.0,,,59,HECO26,,,,
SLVFO,GUSG-2,3,1.5,,,48,HECO26,,,,
SLVFO,GUSG-2,3,2.0,,,64,HECO26,,,,
SLVFO,GUSG-2,3,2.5,31,ARFR4,32,HECO26,,,,
SLVFO,GUSG-2,3,3.0,,,28,HECO26,,,,
SLVFO,GUSG-2,3,3.5,,,43,HECO26,,,,
SLVFO,GUSG-2,3,4.0,,,42,HECO26,,,,
SLVFO,GUSG-2,3,4.5,16,CHVA2,,,,,,
SLVFO,GUSG-2,3,5.0,4,ARFR4,32,ELEL5,,,,
SLVFO,GUSG-2,3,5.5,,,,ELEL5 (X),,,,
SLVFO,GUSG-2,3,6.0,44,ARFR4,,,,,,
SLVFO,GUSG-2,3,6.5,,,63,PASM,,,,
SLVFO,GUSG-2,3,7.0,,,42,HECO26,,,,
SLVFO,GUSG-2,3,7.5,,,39,HECO26,,,,
SLVFO,GUSG-2,3,8.0,,,29,PASM,,,,
SLVFO,GUSG-2,3,8.5,14,CHVA2,42,HECO26,,,,
SLVFO,GUSG-2,3,9.0,42,ARTRV,43,HECO26,,,,
SLVFO,GUSG-2,3,9.5,,,44,HECO26,,,,
SLVFO,GUSG-2,3,10.0,,,45,HECO26,,,,
SLVFO,GUSG-2,3,10.5,,,46,HECO26,,,,
SLVFO,GUSG-2,3,11.0,19,ARTRV,11,POFE,,,,
SLVFO,GUSG-2,3,11.5,,,5,BOGR2,,,,
SLVFO,GUSG-2,3,12.0,23,ARTRV,59,HECO26,,,,
SLVFO,GUSG-2,3,12.5,,,,,,,,
SLVFO,GUSG-2,3,13.0,22,CHVA2,36,ELEL5,,,,
SLVFO,GUSG-2,3,13.5,,,67,HECO26,,,,
SLVFO,GUSG-2,3,14.0,,,,,,,,
SLVFO,GUSG-2,3,14.5,,,24,ELEL5,,,,
SLVFO,GUSG-2,3,15.0,,,,,,,,
SLVFO,GUSG-2,3,15.5,,,9,BOGR2,,,,
SLVFO,GUSG-2,3,16.0,,,7,BOGR2,,,,
SLVFO,GUSG-2,3,16.5,7,CHVA2,,,,,,
SLVFO,GUSG-2,3,17.0,,,1,BOGR2,,,,
SLVFO,GUSG-2,3,17.5,,,,,,,,
SLVFO,GUSG-2,3,18.0,9,CHVA2,38,ELEL5,,,,
SLVFO,GUSG-2,3,18.5,,,,,,,,
SLVFO,GUSG-2,3,19.0,,,,,,,,
SLVFO,GUSG-2,3,19.5,48,ARTRV,29,ELEL5,,,,
SLVFO,GUSG-2,3,20.0,,,,,,,,
SLVFO,GUSG-2,3,20.5,11,CHVA2,,,,,,
SLVFO,GUSG-2,3,21.0,14,CHVA2,,,,,,
SLVFO,GUSG-2,3,21.5,41,ARTRV,54,HECO26,,,,
SLVFO,GUSG-2,3,22.0,,,54,HECO26,,,,
SLVFO,GUSG-2,3,22.5,,,38,PASM,,,,
SLVFO,GUSG-2,3,23.0,,,,,,,,
SLVFO,GUSG-2,3,23.5,22,CHVA2,45,ELEL5,,,,
SLVFO,GUSG-2,3,24.0,56,ARTRV,38,ELEL5,,,,
SLVFO,GUSG-2,3,24.5,3,ARTRV,12,PASM,,,,
SLVFO,GUSG-2,3,25.0,13,CHVA2,14,BOGR2,,,,
SLVFO,GUSG-3,1,0.5,13,CHVA2,,,,,,
SLVFO,GUSG-3,1,1.0,7,CHVA2,,,,,,
SLVFO,GUSG-3,1,1.5,,,7,AGCR,,,,
SLVFO,GUSG-3,1,2.0,,,,,,,,
SLVFO,GUSG-3,1,2.5,,,7,BOGR2,,,,
SLVFO,GUSG-3,1,3.0,,,24,AGCR,,,,
SLVFO,GUSG-3,1,3.5,,,19,AGCR,,,,
SLVFO,GUSG-3,1,4.0,,,,,,,,
SLVFO,GUSG-3,1,4.5,,,,,,,,
SLVFO,GUSG-3,1,5.0,,,,,,,,
SLVFO,GUSG-3,1,5.5,,,,,,,,
SLVFO,GUSG-3,1,6.0,,,4,AGCR,,,,
SLVFO,GUSG-3,1,6.5,,,,,,,,
SLVFO,GUSG-3,1,7.0,,,,,,,,
SLVFO,GUSG-3,1,7.5,4,CHVA2,29,KOMA,,,,
SLVFO,GUSG-3,1,8.0,,,,,,,,
SLVFO,GUSG-3,1,8.5,,,29,ACSC11,,,,
SLVFO,GUSG-3,1,9.0,,,19,AGCR,,,,
SLVFO,GUSG-3,1,9.5,,,,,,,,
SLVFO,GUSG-3,1,10.0,,,24,AGCR,,,,
SLVFO,GUSG-3,1,10.5,7,CHVA2,,,,,,
SLVFO,GUSG-3,1,11.0,,,,,,,,
SLVFO,GUSG-3,1,11.5,6,CHVA2,,,,,,
SLVFO,GUSG-3,1,12.0,7,CHVA2,,,,,,
SLVFO,GUSG-3,1,12.5,7,CHVA2,,,,,,
SLVFO,GUSG-3,1,13.0,6,CHVA2,,,,,,
SLVFO,GUSG-3,1,13.5,,,,,,,,
SLVFO,GUSG-3,1,14.0,,,26,AGCR,,,,
SLVFO,GUSG-3,1,14.5,,,59,AGCR,,,,
SLVFO,GUSG-3,1,15.0,42,ARTRV,,,,,,
SLVFO,GUSG-3,1,15.5,,,,,,,,
SLVFO,GUSG-3,1,16.0,,,,,,,,
SLVFO,GUSG-3,1,16.5,,,21,AGCR,,,,
SLVFO,GUSG-3,1,17.0,,,,,,,,
SLVFO,GUSG-3,1,17.5,,,48,AGCR,,,,
SLVFO,GUSG-3,1,18.0,,,,,,,,
SLVFO,GUSG-3,1,18.5,,,,,,,,
SLVFO,GUSG-3,1,19.0,,,,,,,,
SLVFO,GUSG-3,1,19.5,,,,,,,,
SLVFO,GUSG-3,1,20.0,,,,,,,,
SLVFO,GUSG-3,1,20.5,32,ARTRV,,,,,,
SLVFO,GUSG-3,1,21.0,,,57,AGCR,,,,
SLVFO,GUSG-3,1,21.5,,,61,AGCR,,,,
SLVFO,GUSG-3,1,22.0,,,3,AGCR,,,,
SLVFO,GUSG-3,1,22.5,,,,,,,,
SLVFO,GUSG-3,1,23.0,,,,,,,,
SLVFO,GUSG-3,1,23.5,,,,AGCR,,,,
SLVFO,GUSG-3,1,24.0,12,CHVA2,,,,,,
SLVFO,GUSG-3,1,24.5,,,51,ACSC11,,,,
SLVFO,GUSG-3,1,25.0,,,,,,,,
SLVFO,GUSG-3,2,0.5,,,13,AGCR,,,,
SLVFO,GUSG-3,2,1.0,,,12,AGCR,,,,
SLVFO,GUSG-3,2,1.5,,,,,,,,
SLVFO,GUSG-3,2,2.0,19,ARTRV,36,AGCR,,,,
SLVFO,GUSG-3,2,2.5,,,,,,,,
SLVFO,GUSG-3,2,3.0,,,,,,,,
SLVFO,GUSG-3,2,3.5,,,23,AGCR,,,,
SLVFO,GUSG-3,2,4.0,,,,,,,,
SLVFO,GUSG-3,2,4.5,,,7,AGCR,,,,
SLVFO,GUSG-3,2,5.0,,,12,AGCR,,,,
SLVFO,GUSG-3,2,5.5,,,16,MUMO,,,,
SLVFO,GUSG-3,2,6.0,,,,,,,,
SLVFO,GUSG-3,2,6.5,,,,,,,,
SLVFO,GUSG-3,2,7.0,1,CHVA2,,,,,,
SLVFO,GUSG-3,2,7.5,,,13,AGCR,,,,
SLVFO,GUSG-3,2,8.0,,,,,,,,
SLVFO,GUSG-3,2,8.5,,,13,AGCR,,,,
SLVFO,GUSG-3,2,9.0,,,,,,,,
SLVFO,GUSG-3,2,9.5,,,,,,,,
SLVFO,GUSG-3,2,10.0,,,7,PENST,,,,
SLVFO,GUSG-3,2,10.5,,,12,AGCR,,,,
SLVFO,GUSG-3,2,11.0,,,,,,,,
SLVFO,GUSG-3,2,11.5,19,CHVA2,,,,,,
SLVFO,GUSG-3,2,12.0,,,21,SENEC,,,,
SLVFO,GUSG-3,2,12.5,52,ARTRV,28,AGCR,,,,
SLVFO,GUSG-3,2,13.0,,,,,,,,
SLVFO,GUSG-3,2,13.5,,,,,,,,
SLVFO,GUSG-3,2,14.0,,,,,,,,
SLVFO,GUSG-3,2,14.5,,,,AGCR,,,,
SLVFO,GUSG-3,2,15.0,58,ARTRV,23,AGCR,,,,
SLVFO,GUSG-3,2,15.5,,,,ELEL5,,,,
SLVFO,GUSG-3,2,16.0,,,,,,,,
SLVFO,GUSG-3,2,16.5,,,,,,,,
SLVFO,GUSG-3,2,17.0,,,41,ACSC11,,,,
SLVFO,GUSG-3,2,17.5,,,47,AGCR,,,,
SLVFO,GUSG-3,2,18.0,,,41,AGCR,,,,
SLVFO,GUSG-3,2,18.5,,,,,,,,
SLVFO,GUSG-3,2,19.0,1,CHVA2,39,AGCR,,,,
SLVFO,GUSG-3,2,19.5,,,43,AGCR,,,,
SLVFO,GUSG-3,2,20.0,9,ARFR4,,,,,,
SLVFO,GUSG-3,2,20.5,,,37,AGCR,,,,
SLVFO,GUSG-3,2,21.0,27,ARTRV,46,AGCR,,,,
SLVFO,GUSG-3,2,21.5,,,41,AGCR,,,,
SLVFO,GUSG-3,2,22.0,,,38,AGCR,,,,
SLVFO,GUSG-3,2,22.5,,,48,AGCR,,,,
SLVFO,GUSG-3,2,23.0,,,41,AGCR,,,,
SLVFO,GUSG-3,2,23.5,,,4,AGCR,,,,
SLVFO,GUSG-3,2,24.0,8,CHVA2,17,AGCR,,,,
SLVFO,GUSG-3,2,24.5,26,ARTRV,5,BOGR2,,,,
SLVFO,GUSG-3,2,25.0,,,,,,,,
SLVFO,GUSG-3,3,0.5,7,ARFR4,56,AGCR,,,,
SLVFO,GUSG-3,3,1.0,,,2,AGCR,,,,
SLVFO,GUSG-3,3,1.5,11,CHVA2,26,AGCR,,,,
SLVFO,GUSG-3,3,2.0,,,,,,,,
SLVFO,GUSG-3,3,2.5,,,27,AGCR,,,,
SLVFO,GUSG-3,3,3.0,,,,,,,,
SLVFO,GUSG-3,3,3.5,,,,,,,,
SLVFO,GUSG-3,3,4.0,,,9,PASM,,,,
SLVFO,GUSG-3,3,4.5,13,CHVA2,,,,,,
SLVFO,GUSG-3,3,5.0,,,,,,,,
SLVFO,GUSG-3,3,5.5,,,,,,,,
SLVFO,GUSG-3,3,6.0,,,,,,,,
SLVFO,GUSG-3,3,6.5,,,,,,,,
SLVFO,GUSG-3,3,7.0,,,37,AGCR,,,,
SLVFO,GUSG-3,3,7.5,,,,,,,,
SLVFO,GUSG-3,3,8.0,,,33,AGCR,,,,
SLVFO,GUSG-3,3,8.5,,,,,,,,
SLVFO,GUSG-3,3,9.0,,,29,AGCR,,,,
SLVFO,GUSG-3,3,9.5,,,9,AGCR,,,,
SLVFO,GUSG-3,3,10.0,,,19,AGCR,,,,
SLVFO,GUSG-3,3,10.5,,,,,,,,
SLVFO,GUSG-3,3,11.0,,,28,AGCR,,,,
SLVFO,GUSG-3,3,11.5,,,,,,,,
SLVFO,GUSG-3,3,12.0,1,CHVA2,,,,,,
SLVFO,GUSG-3,3,12.5,11,CHVA2,,,,,,
SLVFO,GUSG-3,3,13.0,,,,,,,,
SLVFO,GUSG-3,3,13.5,,,14,ACSC11,,,,
SLVFO,GUSG-3,3,14.0,,,4,BOGR2,,,,
SLVFO,GUSG-3,3,14.5,,,4,AGCR,,,,
SLVFO,GUSG-3,3,15.0,,,,,,,,
SLVFO,GUSG-3,3,15.5,,,,,,,,
SLVFO,GUSG-3,3,16.0,11,ARTRV,,,,,,
SLVFO,GUSG-3,3,16.5,,,,,,,,
SLVFO,GUSG-3,3,17.0,,,,,,,,
SLVFO,GUSG-3,3,17.5,14,CHVA2,17,AGCR,,,,
SLVFO,GUSG-3,3,18.0,13,ARTRV,,,,,,
SLVFO,GUSG-3,3,18.5,,,15,AGCR,,,,
SLVFO,GUSG-3,3,19.0,,,,AGCR,,,,
SLVFO,GUSG-3,3,19.5,,,7,BOGR2,,,,
SLVFO,GUSG-3,3,20.0,,,31,ACSC11,,,,
SLVFO,GUSG-3,3,20.5,16,CHVA2,,,,,,
SLVFO,GUSG-3,3,21.0,33,ARTRV,13,ELEL5,,,,
SLVFO,GUSG-3,3,21.5,,,,,,,,
SLVFO,GUSG-3,3,22.0,,,,,,,,
SLVFO,GUSG-3,3,22.5,16,CHVA2,,,,,,
SLVFO,GUSG-3,3,23.0,,,22,AGCR,,,,
SLVFO,GUSG-3,3,23.5,,,,,,,,
SLVFO,GUSG-3,3,24.0,,,,,,,,
SLVFO,GUSG-3,3,24.5,15,CHVA2,,,,,,
SLVFO,GUSG-3,3,25.0,,,45,AGCR,,,,
SLVFO,GUSG-2,1,0.5,,,,,11,CHVA2,35,ELEL5
SLVFO,GUSG-2,1,1.0,,,,,1,CHVA2,6,HECO26
SLVFO,GUSG-2,1,1.5,,,,,39,ARTRV,71,HECO26
SLVFO,GUSG-2,1,2.0,,,,,31,ARFR4,63,HECO26
SLVFO,GUSG-2,1,2.5,,,,,15,CHVA2,69,HECO26
SLVFO,GUSG-2,1,3.0,,,,,37,ARTRV,41,ELEL5
SLVFO,GUSG-2,1,3.5,,,,,6,OPPO,57,HECO26
SLVFO,GUSG-2,1,4.0,,,,,3,ARFR4,55,HECO26
SLVFO,GUSG-2,1,4.5,,,,,7,ARFR4,59,HECO26
SLVFO,GUSG-2,1,5.0,,,,,31,ARFR4,52,HECO26
SLVFO,GUSG-2,1,5.5,,,,,25,ARFR4,63,HECO26
SLVFO,GUSG-2,1,6.0,,,,,3,ARFR4,6,HECO26
SLVFO,GUSG-2,1,6.5,,,,,28,ARFR4,71,HECO26
SLVFO,GUSG-2,1,7.0,,,,,14,ARTRV,6,HECO26
SLVFO,GUSG-2,1,7.5,,,,,12,CHVA2,63,HECO26
SLVFO,GUSG-2,1,8.0,,,,,16,HYRI,65,HECO26
SLVFO,GUSG-2,1,8.5,,,,,1,CHVA2,72,HECO26
SLVFO,GUSG-2,1,9.0,,,,,11,CHVA2,7,HECO26
SLVFO,GUSG-2,1,9.5,,,,,6,CHVA2,5,HECO26
SLVFO,GUSG-2,1,10.0,,,,,16,HYRI,35,HECO26
SLVFO,GUSG-2,1,10.5,,,,,44,ARTRV,59,HECO26
SLVFO,GUSG-2,1,11.0,,,,,29,ARTRV,37,ELEL5
SLVFO,GUSG-2,1,11.5,,,,,41,ARTRV,55,HECO26
SLVFO,GUSG-2,1,12.0,,,,,44,ARTRV,68,HECO26
SLVFO,GUSG-2,1,12.5,,,,,32,ARFR4,53,HECO26
SLVFO,GUSG-2,1,13.0,,,,,32,ARFR4,62,HECO26
SLVFO,GUSG-2,1,13.5,,,,,28,ARFR4,59,HECO26
SLVFO,GUSG-2,1,14.0,,,,,13,LIPU11,28,HECO26
SLVFO,GUSG-2,1,14.5,,,,,29,ARFR4,44,HECO26
SLVFO,GUSG-2,1,15.0,,,,,58,ARTRV,65,HECO26
SLVFO,GUSG-2,1,15.5,,,,,4,ARTRV,4,HECO26
SLVFO,GUSG-2,1,16.0,,,,,42,ARFR4,55,HECO26
SLVFO,GUSG-2,1,16.5,,,,,36,ARTRV,39,ELEL5
SLVFO,GUSG-2,1,17.0,,,,,13,ARTRV,32,ELEL5
SLVFO,GUSG-2,1,17.5,,,,,21,HYRI,6,POFE
SLVFO,GUSG-2,1,18.0,,,,,,,,
SLVFO,GUSG-2,1,18.5,,,,,42,ARTRV,8,HECO26
SLVFO,GUSG-2,1,19.0,,,,,19,HYRI,61,HECO26
SLVFO,GUSG-2,1,19.5,,,,,8,HYRI,49,HECO26
SLVFO,GUSG-2,1,20.0,,,,,31,ARTRV,58,HECO26
SLVFO,GUSG-2,1,20.5,,,,,7,CHVA2,53,HECO26
SLVFO,GUSG-2,1,21.0,,,,,21,CHVA2,68,HECO26
SLVFO,GUSG-2,1,21.5,,,,,7,SISC7,82,HECO26
SLVFO,GUSG-2,1,22.0,,,,,39,ARTRV,56,HECO26
SLVFO,GUSG-2,1,22.5,,,,,39,ARTRV,23,ELEL5
SLVFO,GUSG-2,1,23.0,,,,,61,ARTRV,23,ASHA2
SLVFO,GUSG-2,1,23.5,,,,,45,ARTRV,21,POFE
SLVFO,GUSG-2,1,24.0,,,,,34,ARTRV,45,ELEL5
SLVFO,GUSG-2,1,24.5,,,,,22,ARTRV,71,HECO26
SLVFO,GUSG-2,1,25.0,,,,,43,ARTRV,25,ELEL5
SLVFO,GUSG-2,2,0.5,,,,,59,ARTRV,14,ELEL5
SLVFO,GUSG-2,2,1.0,,,,,61,ARTRV,42,ACSC11
SLVFO,GUSG-2,2,1.5,,,,,52,ARTRV,42,ELEL5
SLVFO,GUSG-2,2,2.0,,,,,2,HYRI,41,ELEL5
SLVFO,GUSG-2,2,2.5,,,,,19,ARFR4,5,ASTRA
SLVFO,GUSG-2,2,3.0,,,,,26,HYRI,33,ELEL5
SLVFO,GUSG-2,2,3.5,,,,,,,,
SLVFO,GUSG-2,2,4.0,,,,,22,HYRI,44,ELEL5
SLVFO,GUSG-2,2,4.5,,,,,51,ARTRV,6,POFE
SLVFO,GUSG-2,2,5.0,,,,,48,ARTRV,55,POFE
SLVFO,GUSG-2,2,5.5,,,,,25,HYRI,45,ACSC11
SLVFO,GUSG-2,2,6.0,,,,,4,ARTRV,64,ACSC11
SLVFO,GUSG-2,2,6.5,,,,,33,ARTRV,38,ELEL5
SLVFO,GUSG-2,2,7.0,,,,,25,CHVA2,35,ELEL5
SLVFO,GUSG-2,2,7.5,,,,,16,CHVA2,24,BOGR2
SLVFO,GUSG-2,2,8.0,,,,,15,CHVA2,18,BOGR2
SLVFO,GUSG-2,2,8.5,,,,,37,ARTRV,6,POFE
SLVFO,GUSG-2,2,9.0,,,,,3,ARTRV,26,HECO26
SLVFO,GUSG-2,2,9.5,,,,,36,ARTRV,42,HECO26
SLVFO,GUSG-2,2,10.0,,,,,58,ARTRV,5,ACSC11
SLVFO,GUSG-2,2,10.5,,,,,77,ARTRV,16,MELA3
SLVFO,GUSG-2,2,11.0,,,,,72,ARTRV,55,ACSC11
SLVFO,GUSG-2,2,11.5,,,,,34,ARTRV,4,ELEL5
SLVFO,GUSG-2,2,12.0,,,,,29,ARTRV,25,BOGR2
SLVFO,GUSG-2,2,12.5,,,,,24,ARTRV,31,LUPIN
SLVFO,GUSG-2,2,13.0,,,,,,,23,BOGR2
SLVFO,GUSG-2,2,13.5,,,,,54,ARTRV,23,LUPIN
SLVFO,GUSG-2,2,14.0,,,,,47,ARTRV,32,LUPIN
SLVFO,GUSG-2,2,14.5,,,,,59,ARTRV,12,LUPIN
SLVFO,GUSG-2,2,15.0,,,,,94,QUGA,12,ACSC11
SLVFO,GUSG-2,2,15.5,,,,,116,QUGA,,
SLVFO,GUSG-2,2,16.0,,,,,19,QUGA,33,ELEL5
SLVFO,GUSG-2,2,16.5,,,,,116,QUGA,,
SLVFO,GUSG-2,2,17.0,,,,,45,QUGA,14,CAREX
SLVFO,GUSG-2,2,17.5,,,,,93,QUGA,,
SLVFO,GUSG-2,2,18.0,,,,,16,QUGA,,
SLVFO,GUSG-2,2,18.5,,,,,132,QUGA,,
SLVFO,GUSG-2,2,19.0,,,,,128,QUGA,14,ASHA2
SLVFO,GUSG-2,2,19.5,,,,,,,26,AF16
SLVFO,GUSG-2,2,20.0,,,,,,,32,LUPIN
SLVFO,GUSG-2,2,20.5,,,,,,,21,AF16
SLVFO,GUSG-2,2,21.0,,,,,44,QUGA,39,ELEL5
SLVFO,GUSG-2,2,21.5,,,,,57,ARTRV,15,ELEL5
SLVFO,GUSG-2,2,22.0,,,,,78,ARTRV,34,ELEL5
SLVFO,GUSG-2,2,22.5,,,,,94,ARTRV,17,ELEL5
SLVFO,GUSG-2,2,23.0,,,,,84,QUGA,33,ACSC11
SLVFO,GUSG-2,2,23.5,,,,,19,QUGA,22,LUPIN
SLVFO,GUSG-2,2,24.0,,,,,81,QUGA,36,LUPIN
SLVFO,GUSG-2,2,24.5,,,,,56,QUGA,61,HECO26
SLVFO,GUSG-2,2,25.0,,,,,112,QUGA,26,ACSC11
SLVFO,GUSG-2,3,0.5,,,,,14,ARTRV,54,HECO26
SLVFO,GUSG-2,3,1.0,,,,,26,HYRI,42,HECO26
SLVFO,GUSG-2,3,1.5,,,,,37,ARFR4,45,HECO26
SLVFO,GUSG-2,3,2.0,,,,,22,GUSA2,54,HECO26
SLVFO,GUSG-2,3,2.5,,,,,18,ARFR4,61,HECO26
SLVFO,GUSG-2,3,3.0,,,,,23,HYRI,53,HECO26
SLVFO,GUSG-2,3,3.5,,,,,14,CHVA2,61,HECO26
SLVFO,GUSG-2,3,4.0,,,,,7,CHVA2,42,HECO26
SLVFO,GUSG-2,3,4.5,,,,,16,CHVA2,36,HECO26
SLVFO,GUSG-2,3,5.0,,,,,32,ARTRV,5,HECO26
SLVFO,GUSG-2,3,5.5,,,,,18,CHVA2,77,HECO26
SLVFO,GUSG-2,3,6.0,,,,,38,ARFR4,75,HECO26
SLVFO,GUSG-2,3,6.5,,,,,26,ARTRV,82,HECO26
SLVFO,GUSG-2,3,7.0,,,,,8,CHVA2,48,HECO26
SLVFO,GUSG-2,3,7.5,,,,,1,CHVA2,41,HECO26
SLVFO,GUSG-2,3,8.0,,,,,13,SYAL,7,HECO26
SLVFO,GUSG-2,3,8.5,,,,,42,ARTRV,68,HECO26
SLVFO,GUSG-2,3,9.0,,,,,44,ARTRV,64,HECO26
SLVFO,GUSG-2,3,9.5,,,,,43,ARTRV,57,HECO26
SLVFO,GUSG-2,3,10.0,,,,,34,ARFR4,62,HECO26
SLVFO,GUSG-2,3,10.5,,,,,29,ARTRV,8,HECO26
SLVFO,GUSG-2,3,11.0,,,,,17,ARTRV,48,POFE
SLVFO,GUSG-2,3,11.5,,,,,15,CHVA2,47,PASM
SLVFO,GUSG-2,3,12.0,,,,,37,ARTRV,62,ACSC11
SLVFO,GUSG-2,3,12.5,,,,,43,ARTRV,86,HECO26
SLVFO,GUSG-2,3,13.0,,,,,26,CHVA2,45,ELEL5
SLVFO,GUSG-2,3,13.5,,,,,17,CHVA2,76,HECO26
SLVFO,GUSG-2,3,14.0,,,,,2,CHVA2,69,HECO26
SLVFO,GUSG-2,3,14.5,,,,,18,ARTRV,6,HECO26
SLVFO,GUSG-2,3,15.0,,,,,22,ARTRV,41,ELEL5
SLVFO,GUSG-2,3,15.5,,,,,23,GUSA2,55,HECO26
SLVFO,GUSG-2,3,16.0,,,,,18,CHVA2,73,HECO26
SLVFO,GUSG-2,3,16.5,,,,,13,CHVA2,37,ELEL5
SLVFO,GUSG-2,3,17.0,,,,,12,CHVA2,19,BOGR2
SLVFO,GUSG-2,3,17.5,,,,,14,CHVA2,44,HECO26
SLVFO,GUSG-2,3,18.0,,,,,33,ARTRV,41,ELEL5
SLVFO,GUSG-2,3,18.5,,,,,58,ARTRV,28,ELEL5
SLVFO,GUSG-2,3,19.0,,,,,54,ARTRV,31,ELEL5
SLVFO,GUSG-2,3,19.5,,,,,68,ARTRV,35,ELEL5
SLVFO,GUSG-2,3,20.0,,,,,66,ARTRV,42,ELEL5
SLVFO,GUSG-2,3,20.5,,,,,19,CHVA2,56,HECO26
SLVFO,GUSG-2,3,21.0,,,,,17,CHVA2,49,HECO26
SLVFO,GUSG-2,3,21.5,,,,,59,ARTRV,73,HECO26
SLVFO,GUSG-2,3,22.0,,,,,,,58,HECO26
SLVFO,GUSG-2,3,22.5,,,,,7,ARTRV,38,PASM
SLVFO,GUSG-2,3,23.0,,,,,23,CHVA2,35,ELEL5
SLVFO,GUSG-2,3,23.5,,,,,51,ARTRV,45,ELEL5
SLVFO,GUSG-2,3,24.0,,,,,53,ARTRV,52,ELEL5
SLVFO,GUSG-2,3,24.5,,,,,54,ARTRV,53,HECO26
SLVFO,GUSG-2,3,25.0,,,,,37,ARTRV,67,HECO26
SLVFO,GUSG-3,1,0.5,,,,,,,,
SLVFO,GUSG-3,1,1.0,,,,,,,,
SLVFO,GUSG-3,1,1.5,,,,,,,,
SLVFO,GUSG-3,1,2.0,,,,,,,,
SLVFO,GUSG-3,1,2.5,,,,,14,ARTRV,35,AGCR
SLVFO,GUSG-3,1,3.0,,,,,,,,
SLVFO,GUSG-3,1,3.5,,,,,,,,
SLVFO,GUSG-3,1,4.0,,,,,,,,
SLVFO,GUSG-3,1,4.5,,,,,,,,
SLVFO,GUSG-3,1,5.0,,,,,3,ARTRV,48,AGCR
SLVFO,GUSG-3,1,5.5,,,,,,,,
SLVFO,GUSG-3,1,6.0,,,,,,,,
SLVFO,GUSG-3,1,6.5,,,,,,,,
SLVFO,GUSG-3,1,7.0,,,,,,,,
SLVFO,GUSG-3,1,7.5,,,,,15,ARTRV,35,AGCR
SLVFO,GUSG-3,1,8.0,,,,,,,,
SLVFO,GUSG-3,1,8.5,,,,,,,,
SLVFO,GUSG-3,1,9.0,,,,,,,,
SLVFO,GUSG-3,1,9.5,,,,,,,,
SLVFO,GUSG-3,1,10.0,,,,,5,CHVA2,32,ACSC11
SLVFO,GUSG-3,1,10.5,,,,,,,,
SLVFO,GUSG-3,1,11.0,,,,,,,,
SLVFO,GUSG-3,1,11.5,,,,,,,,
SLVFO,GUSG-3,1,12.0,,,,,,,,
SLVFO,GUSG-3,1,12.5,,,,,13,CHVA2,32,ELEL5
SLVFO,GUSG-3,1,13.0,,,,,,,,
SLVFO,GUSG-3,1,13.5,,,,,,,,
SLVFO,GUSG-3,1,14.0,,,,,,,,
SLVFO,GUSG-3,1,14.5,,,,,,,,
SLVFO,GUSG-3,1,15.0,,,,,5,ARTRV,59,AGCR
SLVFO,GUSG-3,1,15.5,,,,,,,,
SLVFO,GUSG-3,1,16.0,,,,,,,,
SLVFO,GUSG-3,1,16.5,,,,,,,,
SLVFO,GUSG-3,1,17.0,,,,,,,,
SLVFO,GUSG-3,1,17.5,,,,,7,ARTRV,48,AGCR
SLVFO,GUSG-3,1,18.0,,,,,,,,
SLVFO,GUSG-3,1,18.5,,,,,,,,
SLVFO,GUSG-3,1,19.0,,,,,,,,
SLVFO,GUSG-3,1,19.5,,,,,,,,
SLVFO,GUSG-3,1,20.0,,,,,32,ARTRV,38,AGCR
SLVFO,GUSG-3,1,20.5,,,,,,,,
SLVFO,GUSG-3,1,21.0,,,,,,,,
SLVFO,GUSG-3,1,21.5,,,,,,,,
SLVFO,GUSG-3,1,22.0,,,,,,,,
SLVFO,GUSG-3,1,22.5,,,,,8,CHVA2,38,AGCR
SLVFO,GUSG-3,1,23.0,,,,,,,,
SLVFO,GUSG-3,1,23.5,,,,,,,,
SLVFO,GUSG-3,1,24.0,,,,,,,,
SLVFO,GUSG-3,1,24.5,,,,,,,,
SLVFO,GUSG-3,1,25.0,,,,,6,CHVA2,35,ACSC11
SLVFO,GUSG-3,2,0.5,,,,,,,,
SLVFO,GUSG-3,2,1.0,,,,,,,,
SLVFO,GUSG-3,2,1.5,,,,,,,,
SLVFO,GUSG-3,2,2.0,,,,,,,,
SLVFO,GUSG-3,2,2.5,,,,,,,29,AGCR
SLVFO,GUSG-3,2,3.0,,,,,,,,
SLVFO,GUSG-3,2,3.5,,,,,,,,
SLVFO,GUSG-3,2,4.0,,,,,,,,
SLVFO,GUSG-3,2,4.5,,,,,,,,
SLVFO,GUSG-3,2,5.0,,,,,,,29,AGCR
SLVFO,GUSG-3,2,5.5,,,,,,,,
SLVFO,GUSG-3,2,6.0,,,,,,,,
SLVFO,GUSG-3,2,6.5,,,,,,,,
SLVFO,GUSG-3,2,7.0,,,,,,,,
SLVFO,GUSG-3,2,7.5,,,,,,,3,AGCR
SLVFO,GUSG-3,2,8.0,,,,,,,,
SLVFO,GUSG-3,2,8.5,,,,,,,,
SLVFO,GUSG-3,2,9.0,,,,,,,,
SLVFO,GUSG-3,2,9.5,,,,,,,,
SLVFO,GUSG-3,2,10.0,,,,,,,28,AGCR
SLVFO,GUSG-3,2,10.5,,,,,,,,
SLVFO,GUSG-3,2,11.0,,,,,,,,
SLVFO,GUSG-3,2,11.5,,,,,,,,
SLVFO,GUSG-3,2,12.0,,,,,,,,
SLVFO,GUSG-3,2,12.5,,,,,57,ARTRV,46,AGCR
SLVFO,GUSG-3,2,13.0,,,,,,,,
SLVFO,GUSG-3,2,13.5,,,,,,,,
SLVFO,GUSG-3,2,14.0,,,,,,,,
SLVFO,GUSG-3,2,14.5,,,,,,,,
SLVFO,GUSG-3,2,15.0,,,,,63,ARTRV,51,AGCR
SLVFO,GUSG-3,2,15.5,,,,,,,,
SLVFO,GUSG-3,2,16.0,,,,,,,,
SLVFO,GUSG-3,2,16.5,,,,,,,,
SLVFO,GUSG-3,2,17.0,,,,,,,,
SLVFO,GUSG-3,2,17.5,,,,,13,CHVA2,52,AGCR
SLVFO,GUSG-3,2,18.0,,,,,,,,
SLVFO,GUSG-3,2,18.5,,,,,,,,
SLVFO,GUSG-3,2,19.0,,,,,,,,
SLVFO,GUSG-3,2,19.5,,,,,,,,
SLVFO,GUSG-3,2,20.0,,,,,19,ARFR4,33,AGCR
SLVFO,GUSG-3,2,20.5,,,,,,,,
SLVFO,GUSG-3,2,21.0,,,,,,,,
SLVFO,GUSG-3,2,21.5,,,,,,,,
SLVFO,GUSG-3,2,22.0,,,,,,,,
SLVFO,GUSG-3,2,22.5,,,,,2,CHVA2,47,AGCR
SLVFO,GUSG-3,2,23.0,,,,,,,,
SLVFO,GUSG-3,2,23.5,,,,,,,,
SLVFO,GUSG-3,2,24.0,,,,,,,,
SLVFO,GUSG-3,2,24.5,,,,,,,,
SLVFO,GUSG-3,2,25.0,,,,,9,CHVA2,34,AGCR
SLVFO,GUSG-3,3,0.5,,,,,,,,
SLVFO,GUSG-3,3,1.0,,,,,,,,
SLVFO,GUSG-3,3,1.5,,,,,,,,
SLVFO,GUSG-3,3,2.0,,,,,,,,
SLVFO,GUSG-3,3,2.5,,,,,22,CHVA2,33,AGCR
SLVFO,GUSG-3,3,3.0,,,,,,,,
SLVFO,GUSG-3,3,3.5,,,,,,,,
SLVFO,GUSG-3,3,4.0,,,,,,,,
SLVFO,GUSG-3,3,4.5,,,,,,,,
SLVFO,GUSG-3,3,5.0,,,,,14,CHVA2,29,AGCR
SLVFO,GUSG-3,3,5.5,,,,,,,,
SLVFO,GUSG-3,3,6.0,,,,,,,,
SLVFO,GUSG-3,3,6.5,,,,,,,,
SLVFO,GUSG-3,3,7.0,,,,,,,,
SLVFO,GUSG-3,3,7.5,,,,,17,CHVA2,3,ACSC11
SLVFO,GUSG-3,3,8.0,,,,,,,,
SLVFO,GUSG-3,3,8.5,,,,,,,,
SLVFO,GUSG-3,3,9.0,,,,,,,,
SLVFO,GUSG-3,3,9.5,,,,,,,,
SLVFO,GUSG-3,3,10.0,,,,,9,CHVA2,3,AGCR
SLVFO,GUSG-3,3,10.5,,,,,,,,
SLVFO,GUSG-3,3,11.0,,,,,,,,
SLVFO,GUSG-3,3,11.5,,,,,,,,
SLVFO,GUSG-3,3,12.0,,,,,,,,
SLVFO,GUSG-3,3,12.5,,,,,17,HYRI,24,AGCR
SLVFO,GUSG-3,3,13.0,,,,,,,,
SLVFO,GUSG-3,3,13.5,,,,,,,,
SLVFO,GUSG-3,3,14.0,,,,,,,,
SLVFO,GUSG-3,3,14.5,,,,,,,,
SLVFO,GUSG-3,3,15.0,,,,,8,CHVA2,31,AGCR
SLVFO,GUSG-3,3,15.5,,,,,,,,
SLVFO,GUSG-3,3,16.0,,,,,,,,
SLVFO,GUSG-3,3,16.5,,,,,,,,
SLVFO,GUSG-3,3,17.0,,,,,,,,
SLVFO,GUSG-3,3,17.5,,,,,14,CHVA2,46,AGCR
SLVFO,GUSG-3,3,18.0,,,,,,,,
SLVFO,GUSG-3,3,18.5,,,,,,,,
SLVFO,GUSG-3,3,19.0,,,,,,,,
SLVFO,GUSG-3,3,19.5,,,,,,,,
SLVFO,GUSG-3,3,20.0,,,,,1,GUSA2,31,ACSC11
SLVFO,GUSG-3,3,20.5,,,,,,,,
SLVFO,GUSG-3,3,21.0,,,,,,,,
SLVFO,GUSG-3,3,21.5,,,,,,,,
SLVFO,GUSG-3,3,22.0,,,,,,,,
SLVFO,GUSG-3,3,22.5,,,,,46,ARTRV,52,AGCR
SLVFO,GUSG-3,3,23.0,,,,,,,,
SLVFO,GUSG-3,3,23.5,,,,,,,,
SLVFO,GUSG-3,3,24.0,,,,,,,,
SLVFO,GUSG-3,3,24.5,,,,,,,,
SLVFO,GUSG-3,3,25.0,,,,,3,ARTRV,4,AGCR
